abers,7
abets,7
abhor,10
abide,8
abies,7
abled,8
abler,7
ables,7
ablet,7
ablow,10
abmho,12
abode,8
abohm,12
aboil,7
abord,8
abore,7
abort,7
about,7
above,10
abrim,9
abrin,7
abris,7
absey,10
absit,7
abune,7
abuse,7
abuts,7
abyes,10
abysm,12
acerb,9
acers,7
ached,11
aches,10
acids,8
acidy,11
acing,8
acker,11
acmes,9
acned,8
acnes,7
acold,8
acorn,7
acred,8
acres,7
acrid,8
acros,7
acted,8
actin,7
acton,7
actor,7
acute,7
acyls,10
adbot,8
adept,8
adieu,6
adios,6
adits,6
admen,8
admin,8
admit,8
admix,15
adobe,8
adopt,8
adore,6
adorn,6
adown,9
adoze,15
adsum,8
aduki,10
adult,6
adunc,8
adust,6
advew,12
adzes,15
aegis,6
aeons,5
aeros,5
aesir,5
afire,8
afore,8
afoul,8
afrit,8
afros,8
after,8
agent,6
agers,6
agile,6
agios,6
agism,8
agist,6
aglet,6
agley,9
aglow,9
aglus,6
agone,6
agons,6
agony,9
agrin,6
agros,6
agued,7
agues,6
aguti,6
ahent,8
ahind,9
ahing,9
ahint,8
ahold,9
aider,6
aides,6
aidos,6
aiery,8
aight,9
ailed,6
aimed,8
aimer,7
aired,6
airns,5
airth,8
airts,5
aisle,5
aitch,10
aitus,5
aiver,8
aizle,14
ajies,12
aking,10
album,9
alcid,8
alcos,7
alder,6
aleck,11
alecs,7
alefs,8
aleft,8
aleph,10
alert,5
alews,8
algid,7
algin,6
algor,6
algum,8
alien,5
alifs,8
align,6
alike,9
aline,5
alist,5
alive,8
alkie,9
alkos,9
alkyd,13
almeh,10
almes,7
almud,8
almug,8
alods,6
aloed,6
aloes,5
aloft,8
aloin,5
alone,5
along,6
aloud,6
alowe,8
alter,5
altho,8
altos,5
alums,7
alure,5
amber,9
ambit,9
amble,9
ambos,9
ambry,12
amend,8
amens,7
ament,7
amice,9
amide,8
amido,8
amids,8
amies,7
amigo,8
amine,7
amino,7
amins,7
amirs,7
amity,10
amnic,9
amnio,7
amoks,11
amole,7
among,8
amort,7
amour,7
amove,10
amowt,10
amped,10
ample,9
amply,12
ampul,9
amrit,7
amuck,13
amuse,7
amyls,10
ancho,10
ancle,7
andro,6
angel,6
anger,6
angle,6
anglo,6
angry,9
angst,6
anigh,9
anile,5
anils,5
anime,7
anise,5
anker,9
ankhs,12
ankle,9
ankus,9
anode,6
anole,5
anomy,10
anted,6
antes,5
antic,7
antis,5
antre,5
antsy,8
anvil,8
apers,7
apert,7
apery,10
aphid,11
aphis,10
aping,8
apiol,7
apish,10
apism,9
apode,8
apods,8
aport,7
apres,7
apron,7
apted,8
apter,7
aptly,10
arced,8
archi,10
arcos,7
arcus,7
ardeb,8
arefy,11
areic,7
arets,5
argil,6
argle,6
argol,6
argon,6
argot,6
argue,6
argus,6
ariel,5
arils,5
ariot,5
arise,5
arish,8
arked,10
arled,6
arles,5
armed,8
armet,7
armil,7
arnut,5
aroid,6
arose,5
arpen,7
arsed,6
arsey,8
arson,5
artel,5
artic,7
artis,5
artsy,8
aruhe,8
arums,7
arvos,8
aryls,8
ascon,7
ascot,7
asdic,8
ashed,9
ashen,8
ashet,8
aside,6
asked,10
asker,9
askew,12
askoi,9
aspen,7
asper,7
aspic,9
aspie,7
aspro,7
aster,5
astir,5
astun,5
aswim,10
atimy,10
atmos,7
atocs,7
atoke,9
atoks,9
atoms,7
atomy,10
atone,5
atony,8
atopy,10
atrip,7
audio,6
audit,6
auger,6
aught,9
aulic,7
auloi,5
aulos,5
aumil,7
aunes,5
aunts,5
aunty,8
aurei,5
aures,5
auric,7
auris,5
autos,5
auxin,12
avels,8
avens,8
avers,8
avert,8
avine,8
avion,8
avise,8
aviso,8
avize,17
avoid,9
avows,11
avyze,20
awdls,9
aweto,8
awful,11
awing,9
awmry,13
awned,9
awner,8
awoke,12
awols,8
awork,12
axels,12
axile,12
axils,12
axing,13
axiom,14
axion,12
axite,12
axled,13
axles,12
axmen,14
axoid,13
axone,12
axons,12
ayelp,10
aygre,9
ayins,8
ayont,8
ayres,8
ayrie,8
azide,15
azido,15
azine,14
azlon,14
azoic,16
azole,14
azons,14
azote,14
azoth,17
azuki,18
azure,14
azurn,14
azury,17
azyme,19
azyms,19
bachs,12
backs,13
bacon,9
badge,9
badly,11
baels,7
bafts,10
bagel,8
baghs,11
bagie,8
bahts,10
bahus,10
bahut,10
bails,7
bairn,7
baith,10
baits,7
baize,16
bajri,14
bajus,14
baked,12
baken,11
baker,11
bakes,11
balds,8
baldy,11
baled,8
baler,7
bales,7
balks,11
balky,14
balms,9
balmy,12
balti,7
balun,7
balus,7
banco,9
bancs,9
bandh,11
bands,8
bandy,11
baned,8
banes,7
bangs,8
banjo,14
banks,11
bants,7
bantu,7
banty,10
bapus,9
barde,8
bardo,8
bards,8
bardy,11
bared,8
bares,7
barfi,10
barfs,10
barge,8
baric,9
barks,11
barky,14
barms,9
barmy,12
barns,7
barny,10
baron,7
barps,9
barye,10
based,8
basen,7
baser,7
basho,10
basic,9
basij,14
basil,7
basin,7
bason,7
baste,7
basti,7
basto,7
batch,12
bated,8
bates,7
bathe,10
baths,10
batik,11
baton,7
bauds,8
bauks,11
baulk,11
baurs,7
bavin,10
bawds,11
bawdy,14
bawks,14
bawls,10
bawns,10
bawrs,10
bawty,13
bayed,11
bayer,10
bayes,10
bayle,10
bayou,10
bayts,10
beach,12
beads,8
beady,11
beaks,11
beaky,14
beals,7
beams,9
beamy,12
beano,7
beans,7
beany,10
beard,8
bears,7
beast,7
beath,10
beats,7
beaty,10
beaus,7
beaut,7
beaux,14
becap,11
becks,13
bedim,10
befit,10
befog,11
begad,9
began,8
begar,8
begat,8
begin,8
begot,8
begum,10
begun,8
beigy,11
being,8
beins,7
bekah,14
belah,10
belar,7
belay,10
belch,12
belga,8
belon,7
below,10
belts,7
bemad,10
bemas,9
bemix,16
bemud,10
bench,12
bends,8
bendy,11
benga,8
benis,7
bento,7
bents,7
benty,10
bepat,9
beray,10
bergs,8
berko,11
berks,11
berms,9
berth,10
beryl,10
besat,7
besaw,10
besit,7
besom,9
besot,7
besti,7
betas,7
beths,10
betid,8
beton,7
bevor,10
bewig,11
bezil,16
bhais,10
bhaji,17
bhang,11
bhats,10
bhels,10
bhuna,10
bhuts,10
biach,12
bialy,10
bicep,11
bices,9
bider,8
bides,8
bidet,8
bidon,8
bield,8
biers,7
bigae,8
bigha,11
bight,11
bigly,11
bigos,8
bigot,8
bijou,14
biked,12
biker,11
bikes,11
biled,8
biles,7
bilge,8
bilgy,11
bilks,11
bimah,12
bimas,9
binal,7
binds,8
biner,7
bines,7
binge,8
bingo,8
bings,8
bingy,11
binks,11
bints,7
biogs,8
biome,9
biont,7
biota,7
biped,10
bipod,10
birch,12
birds,8
birks,11
birle,7
birls,7
biros,7
birse,7
birsy,10
birth,10
bisom,9
bison,7
bitch,12
biter,7
bites,7
bitos,7
bitou,7
bitsy,10
bizes,16
black,13
blade,8
blads,8
blady,11
blaer,7
blaes,7
blags,8
blahs,10
blain,7
blame,9
blams,9
bland,8
blank,11
blare,7
blart,7
blase,7
blash,10
blast,7
blate,7
blats,7
blaud,8
blawn,10
blaws,10
blays,10
blaze,16
bleak,11
blear,7
bleat,7
blech,12
blend,8
blent,7
blert,7
blest,7
blets,7
bleys,10
blimp,11
blimy,12
blind,8
bling,8
blink,11
blins,7
bliny,10
blips,9
blist,7
blite,7
blits,7
blitz,16
blive,10
bloat,7
block,13
blocs,9
blogs,8
bloke,11
blond,8
blore,7
blots,7
blown,10
blows,10
blowy,13
blude,8
bluds,8
bludy,11
blued,8
bluer,7
blues,7
bluet,7
bluey,10
bluid,8
blume,9
blunk,11
blunt,7
blurs,7
blurt,7
blush,10
blype,12
boaks,11
board,8
boars,7
boart,7
boast,7
boats,7
boche,12
bocks,13
bodes,8
bodge,9
bodhi,11
bodle,8
boeps,9
boets,7
boeuf,10
bogan,8
bogey,11
bogie,8
bogle,8
bogue,8
bogus,8
bohea,10
boils,7
boing,8
boink,11
boite,7
boked,12
bokeh,14
bokes,11
bolar,7
bolas,7
bolds,8
boles,7
bolix,14
bolts,7
bolus,7
bomas,9
bonce,9
bonds,8
boned,8
boner,7
bones,7
boney,10
bongs,8
bonie,7
bonks,11
bonus,7
bonza,16
bonze,16
borak,11
boral,7
boras,7
borax,14
borde,8
bords,8
bored,8
borel,7
bores,7
boric,9
borks,11
borms,9
borna,7
borne,7
borts,7
borty,10
bortz,16
bosie,7
bosky,14
bosun,7
botas,7
botch,12
botel,7
botes,7
bothy,13
bouge,8
bough,11
bouks,11
boule,7
boult,7
bound,8
bouns,7
bourd,8
bourg,8
bourn,7
bouse,7
bousy,10
bouts,7
bovid,11
bowat,10
bowed,11
bowel,10
bower,10
bowes,10
bowet,10
bowie,10
bowls,10
bowne,10
bowrs,10
bowse,10
boxed,15
boxen,14
boxer,14
boxes,14
boxla,14
boxty,17
boyar,10
boyau,10
boyed,11
boyfs,13
boygs,11
boyla,10
brace,9
brach,12
brack,13
bract,9
brads,8
braes,7
brags,8
braid,8
brail,7
brain,7
brake,11
braks,11
braky,14
brame,9
brand,8
brane,7
brank,11
brans,7
brant,7
brash,10
brast,7
brats,7
brave,10
bravi,10
bravo,10
brawl,10
brawn,10
braws,10
braxy,17
brays,10
braze,16
bread,8
break,11
bream,9
breds,8
breid,8
breis,7
brens,7
brent,7
brews,10
breys,10
brick,13
bride,8
brief,10
bries,7
brigs,8
briks,11
brims,9
brine,7
bring,8
brink,11
brins,7
briny,10
brios,7
brise,7
brisk,11
brith,10
brits,7
brize,16
broad,8
broch,12
brock,13
brods,8
brogh,11
brogs,8
broil,7
broke,11
brome,9
bronc,9
brond,8
brose,7
brosy,10
broth,10
brown,10
brows,10
brugh,11
bruin,7
bruit,7
brule,7
brume,9
brung,8
brunt,7
brush,10
brusk,11
brust,7
brute,7
bruts,7
buats,7
buaze,16
bucko,13
bucks,13
budas,8
budge,9
budis,8
budos,8
bufos,10
bufty,13
bugle,8
buhls,10
buhrs,10
buiks,11
build,8
built,7
buist,7
bukes,11
bulge,8
bulgy,11
bulks,11
bulky,14
bulse,7
bumfs,12
bumph,14
bumps,11
bumpy,14
bunas,7
bunce,9
bunch,12
bunco,9
bunde,8
bundh,11
bunds,8
bundt,8
bundy,11
bungs,8
bungy,11
bunia,7
bunje,14
bunjy,17
bunko,11
bunks,11
bunts,7
bunty,10
bunya,10
buoys,10
buran,7
buras,7
burds,8
buret,7
burfi,10
burgh,11
burgs,8
burin,7
burka,11
burke,11
burks,11
burls,7
burly,10
burns,7
burnt,7
burps,9
burqa,16
bursa,7
burse,7
burst,7
bused,8
bushy,13
busky,14
busti,7
busty,10
butch,12
buteo,7
butes,7
butle,7
butoh,10
butyl,10
buxom,16
buyer,10
bwazi,19
bydes,11
byked,15
bykes,14
bylaw,13
byres,10
byrls,10
bytes,10
caber,9
cabin,9
cable,9
cabre,9
cades,8
cadet,8
cadge,9
cadgy,12
cadie,8
cadis,8
cadre,8
cafes,10
caged,9
cager,8
cages,8
cagey,11
cagot,8
cahow,13
caids,8
cains,7
caird,8
cairn,7
cajon,14
cajun,14
caked,12
cakes,11
cakey,14
calfs,10
calid,8
calif,10
calix,14
calks,11
calms,9
calmy,12
calos,7
calps,9
calve,10
calyx,17
camel,9
cameo,9
cames,9
camis,9
camos,9
campi,11
campo,11
camps,11
campy,14
camus,9
candy,11
caned,8
caneh,10
caner,7
canes,7
cangs,8
canid,8
canoe,7
canso,7
canst,7
canto,7
cants,7
canty,10
caped,10
caper,9
capes,9
capex,16
caphs,12
capiz,18
caple,9
capon,9
capos,9
capot,9
capri,9
capul,9
caput,9
carbo,9
carbs,9
carby,12
cardi,8
cards,8
cardy,11
cared,8
cares,7
caret,7
carex,14
cargo,8
carks,11
carle,7
carls,7
carns,7
carny,10
carob,9
carol,7
carom,9
caron,7
carpi,9
carps,9
carse,7
carte,7
carts,7
carve,10
carvy,13
cased,8
casky,14
caste,7
cater,7
cates,7
cauks,11
cauld,8
caulk,11
cauls,7
caums,9
caups,9
cauri,7
cause,7
caved,11
cavel,10
caver,10
caves,10
cavie,10
cavil,10
cawed,11
cawks,14
caxon,14
cebid,10
cedar,8
cedis,8
ceiba,9
ceils,7
celom,9
celts,7
cento,7
cents,7
centu,7
ceorl,7
ceria,7
ceros,7
certs,7
certy,10
cesta,7
cesti,7
cetyl,10
chado,11
chads,11
chafe,13
chaft,13
chain,10
chair,10
chais,10
chalk,14
chals,10
champ,14
chams,12
chang,11
chank,14
chant,10
chaos,10
chape,12
chaps,12
chapt,12
chard,11
chare,10
chark,14
charm,12
chars,10
chart,10
chary,13
chase,10
chasm,12
chats,10
chave,13
chavs,13
chawk,17
chaws,13
chays,13
cheap,12
cheat,10
chefs,13
cheka,14
chela,10
chelp,12
chemo,12
chems,12
chert,10
chest,10
chevy,16
chews,13
chewy,16
chiao,10
chias,10
chibs,12
chide,11
chief,13
chiel,10
chiks,14
child,11
chile,10
chimb,14
chime,12
chimo,12
chimp,14
china,10
chine,10
ching,11
chink,14
chino,10
chins,10
chips,12
chirk,14
chirl,10
chirm,12
chiro,10
chirp,12
chirt,10
chiru,10
chits,10
chive,13
chivs,13
chivy,16
chode,11
chogs,11
choil,10
choir,10
choke,14
choky,17
chola,10
choli,10
chomp,14
chons,10
chops,12
chord,11
chore,10
chose,10
chota,10
chout,10
choux,17
chowk,17
chows,13
chubs,12
chufa,13
chugs,11
chump,14
chums,12
chunk,14
churl,10
churn,10
chuse,10
chute,10
chuts,10
chyle,13
chyme,15
chynd,14
cibol,9
cider,8
cides,8
ciels,7
cigar,8
cimar,9
cimex,16
cines,7
cinqs,16
cions,7
cires,7
cirls,7
cital,7
cited,8
citer,7
cites,7
cives,10
civet,10
clade,8
clads,8
claes,7
clags,8
claim,9
clame,9
clamp,11
clams,9
clang,8
clank,11
clans,7
claps,9
clapt,9
claro,7
clart,7
clary,10
clash,10
clasp,9
clast,7
clats,7
claut,7
clave,10
clavi,10
claws,10
clays,10
clean,7
clear,7
cleat,7
clefs,10
cleft,10
clegs,8
cleik,11
clems,9
clept,9
clerk,11
clews,10
clied,8
clies,7
clift,10
climb,11
clime,9
cline,7
cling,8
clink,11
clint,7
clipe,9
clips,9
clipt,9
clits,7
cloak,11
cloam,9
clods,8
clogs,8
cloke,11
clomb,11
clomp,11
clone,7
clonk,11
clons,7
clops,9
close,7
clote,7
cloth,10
clots,7
cloud,8
clour,7
clous,7
clout,7
clove,10
clown,10
clows,10
cloye,10
cloys,10
cloze,16
clubs,9
clued,8
clues,7
cluey,10
clump,11
clung,8
clunk,11
clype,12
cnida,8
coady,11
coals,7
coaly,10
coapt,9
coarb,9
coast,7
coate,7
coati,7
coats,7
cobia,9
coble,9
cobra,9
cobza,18
codas,8
coden,8
coder,8
codes,8
codex,15
coeds,8
cogie,8
cogue,8
cohab,12
cohen,10
coifs,10
coign,8
coils,7
coins,7
coirs,7
coits,7
coked,12
cokes,11
colas,7
colby,12
colds,8
coled,8
coles,7
coley,10
colin,7
colts,7
colza,16
comae,9
comal,9
comas,9
combe,11
combi,11
combs,11
comby,14
comer,9
comes,9
comet,9
comfy,15
comix,16
comps,11
compt,11
comte,9
comus,9
coned,8
cones,7
coney,10
confs,10
conga,8
conge,8
conia,7
conks,11
conky,14
conte,7
conus,7
copal,9
copay,12
coped,10
copen,9
coper,9
copes,9
copra,9
copse,9
copsy,12
coqui,16
coral,7
coram,9
corbe,9
corby,12
cords,8
cored,8
cores,7
corey,10
corgi,8
coria,7
corks,11
corky,14
corms,9
corni,7
corns,7
cornu,7
corny,10
corps,9
corse,7
cosed,8
coset,7
cosey,10
cosie,7
costa,7
coste,7
cotan,7
coted,8
cotes,7
coths,10
coude,8
cough,11
could,8
count,7
coupe,9
coups,9
courb,9
courd,8
coure,7
cours,7
court,7
couta,7
couth,10
coved,11
coven,10
cover,10
coves,10
covet,10
covey,13
covin,10
cowal,10
cowan,10
cowed,11
cower,10
cowks,14
cowls,10
cowps,12
cowry,13
coxae,14
coxal,14
coxed,15
coxes,14
coxib,16
coyau,10
coyed,11
coyer,10
coypu,12
cozed,17
cozen,16
cozes,16
cozey,19
cozie,16
crabs,9
craft,10
crags,8
craig,8
crake,11
crame,9
cramp,11
crams,9
crane,7
crank,11
crans,7
crape,9
craps,9
crapy,12
crash,10
crate,7
crave,10
crawl,10
craws,10
crays,10
craze,16
crazy,19
creak,11
cream,9
credo,8
creds,8
crems,9
crena,7
creps,9
crept,9
crepy,12
crest,7
crews,10
crias,7
cribs,9
cried,8
cries,7
crime,9
crimp,11
crims,9
crine,7
crios,7
cripe,9
crips,9
crise,7
crisp,9
crith,10
crits,7
croak,11
croft,10
crogs,8
cromb,11
crome,9
crone,7
cronk,11
crons,7
crony,10
crops,9
crost,7
croup,9
crout,7
crowd,11
crown,10
crows,10
croze,16
crude,8
crudo,8
cruds,8
crudy,11
cruel,7
crues,7
cruet,7
cruft,10
crumb,11
crump,11
crunk,11
cruse,7
crush,10
crust,7
crusy,10
cruve,10
crwth,13
crypt,12
cubed,10
cuber,9
cubes,9
cubit,9
cuifs,10
cuing,8
cuish,10
cuits,7
cukes,11
culet,7
culex,14
culms,9
culpa,9
culti,7
cults,7
culty,10
cumin,9
cundy,11
cunei,7
cunit,7
cunts,7
cupel,9
cupid,10
curat,7
curbs,9
curds,8
curdy,11
cured,8
cures,7
curet,7
curfs,10
curia,7
curie,7
curio,7
curli,7
curls,7
curly,10
curns,7
curny,10
curse,7
cursi,7
curst,7
curve,10
curvy,13
cushy,13
cuspy,12
cuter,7
cutes,7
cutey,10
cutie,7
cutin,7
cutis,7
cuzes,16
cyano,10
cyans,10
cyber,12
cyder,11
cylix,17
cymae,12
cymar,12
cymas,12
cymes,12
cymol,12
cytes,10
cyton,10
czars,16
daces,8
dacks,12
dagos,7
dahls,9
daiko,10
daily,9
daine,6
daint,6
dairy,9
daisy,9
daker,10
dales,6
dalis,6
dalts,6
dames,8
damns,8
damps,10
dampy,13
dance,8
dancy,11
dangs,7
danio,6
danks,10
dants,6
darbs,8
darcy,11
dares,6
dargs,7
daric,8
daris,6
darks,10
darky,13
darns,6
darts,6
darzi,15
dashi,9
dashy,12
dater,6
dates,6
datos,6
datum,8
daube,8
daubs,8
dauby,11
dault,6
daunt,6
daurs,6
dauts,6
daven,9
davit,9
dawen,9
dawks,13
dawns,9
dawts,9
daych,14
daynt,9
dazer,15
dazes,15
deair,6
deals,6
dealt,6
deans,6
dearn,6
dears,6
deary,9
deash,9
death,9
deaws,9
deawy,12
debag,9
debar,8
debit,8
debts,8
debug,9
debur,8
debus,8
debut,8
decaf,11
decal,8
decan,8
decay,11
decko,12
decks,12
decor,8
decos,8
decoy,11
decry,11
defat,9
defis,9
defog,10
degas,7
degum,9
degus,7
deify,12
deign,7
deils,6
deism,8
deist,6
deity,9
delay,9
delfs,9
delft,9
delis,6
delos,6
delph,11
delta,6
delts,6
deman,8
demic,10
demit,8
demob,10
demoi,8
demon,8
demos,8
dempt,10
demur,8
denar,6
denay,9
dench,11
denim,8
denis,6
dents,6
deoxy,16
depot,8
depth,11
derat,6
deray,9
derby,11
derig,7
derma,8
derms,8
derns,6
derny,9
deros,6
derth,9
dervs,9
deshi,9
detox,13
devas,9
devil,9
devis,9
devon,9
devos,9
devot,9
dewan,9
dewar,9
dewax,16
dhaks,13
dhals,9
dhikr,13
dhobi,11
dhole,9
dhols,9
dhoti,9
dhows,12
dhuti,9
diact,8
dials,6
diane,6
diary,9
diazo,15
dicer,8
dices,8
dicey,11
dicht,11
dicks,12
dicky,15
dicot,8
dicta,8
dicts,8
dicty,11
diebs,8
diels,6
diets,6
dight,10
dikas,10
diker,10
dikes,10
dikey,13
dimbo,10
dimer,8
dimes,8
dimly,11
dimps,10
dinar,6
diner,6
dines,6
dinge,7
dingo,7
dings,7
dingy,10
dinks,10
dinky,13
dinos,6
dints,6
diols,6
diota,6
dipso,8
diram,8
dirge,7
dirke,10
dirks,10
dirls,6
dirts,6
dirty,9
disco,8
dishy,12
disme,8
dital,6
ditas,6
ditch,11
dites,6
ditsy,9
ditzy,18
divan,9
divas,9
diver,9
dives,9
divna,9
divos,9
divot,9
diwan,9
diyas,9
dizen,15
djins,13
doabs,8
doats,6
dobes,8
dobie,8
dobla,8
dobra,8
docht,11
docks,12
docus,8
doeks,10
doers,6
doest,6
doeth,9
dogan,7
doges,7
dogey,10
dogie,7
dogma,9
doilt,6
doily,9
doing,7
doits,6
dolce,8
dolci,8
doles,6
dolia,6
dolma,8
dolts,6
domal,8
domes,8
domic,10
donah,9
donas,6
doner,6
donga,7
dongs,7
donsy,9
donut,6
dopas,8
doper,8
dopes,8
dopey,11
dorba,8
dorbs,8
dores,6
doric,8
doris,6
dorks,10
dorky,13
dorms,8
dormy,11
dorps,8
dorsa,6
dorse,6
dorts,6
dorty,9
dosai,6
doseh,9
doser,6
dosha,9
dotal,6
doter,6
dotes,6
douar,6
doubt,8
douce,8
doucs,8
dough,10
douks,10
doula,6
douma,8
doums,8
doups,8
doura,6
douse,6
douts,6
doven,9
dover,9
doves,9
dovie,9
dowar,9
dowel,9
dower,9
dowie,9
dowle,9
dowls,9
dowly,12
downa,9
downs,9
downy,12
dowps,11
dowry,12
dowse,9
dowts,9
doxes,13
doxie,13
doyen,9
dozen,15
dozer,15
dozes,15
drabs,8
drack,12
draco,8
draft,9
drags,7
drail,6
drain,6
drake,10
drams,8
drank,10
drant,6
drape,8
draps,8
drats,6
drave,9
drawl,9
drawn,9
draws,9
drays,9
dream,8
dreck,12
dregs,7
dreks,10
drent,6
drest,6
dreys,9
dribs,8
drice,8
dries,6
drift,9
drily,9
drink,10
drips,8
dript,8
drive,9
droil,6
droit,6
droke,10
drole,6
drome,8
drone,6
drony,9
drops,8
dropt,8
drouk,10
drove,9
drown,9
drows,9
drubs,8
drugs,7
drums,8
drunk,10
drupe,8
druse,6
drusy,9
druxy,16
dryas,9
duals,6
duans,6
duars,6
ducal,8
ducat,8
duces,8
duchy,14
ducks,12
ducky,15
ducts,8
duels,6
duets,6
duing,7
duits,6
dukas,10
dukes,10
dulce,8
dules,6
dulia,6
dulse,6
dumas,8
dumbo,10
dumbs,10
dumka,12
dumky,15
dumps,10
dumpy,13
dunam,8
dunce,8
dunch,11
dunes,6
dungs,7
dungy,10
dunks,10
dunsh,9
dunts,6
duomi,8
duper,8
dupes,8
duple,8
duply,11
dural,6
duras,6
dures,6
durgy,10
durns,6
duroc,8
duros,6
duroy,9
durst,6
durzi,15
dusky,13
dusty,9
dutch,11
duvet,9
duxes,13
dwale,9
dwalm,11
dwams,11
dwang,10
dwarf,12
dwaum,11
dwelt,9
dwile,9
dwine,9
dyers,9
dying,10
dykes,13
dykon,13
dynel,9
dynes,9
dzhos,18
eards,6
earls,5
early,8
earns,5
earnt,5
earst,5
earth,8
ebons,7
ebony,10
ecads,8
echos,10
eclat,7
ecrus,7
edict,8
edify,12
edits,6
educt,8
egads,7
egmas,8
ehing,9
eidos,6
eight,9
eikon,9
eilds,6
ejido,13
eking,10
elain,5
eland,6
elans,5
elbow,10
elchi,10
eldin,6
elfin,8
eliad,6
elint,5
elogy,9
eloin,5
elops,7
elsin,5
elvan,8
emacs,9
email,7
embar,9
embay,12
embog,10
embow,12
embox,16
embus,9
emics,9
emirs,7
emits,7
emoji,14
emong,8
empts,9
empty,12
emyds,11
enact,7
enarm,7
endow,9
enfix,15
eniac,7
enjoy,15
enlit,5
enoki,9
enols,5
enorm,7
enows,8
enrol,5
ensky,12
entia,5
entry,8
envoi,8
envoy,11
enzym,19
eorls,5
eosin,5
epact,9
ephas,10
ephod,11
ephor,10
epics,9
epoch,12
epoxy,17
epris,7
equal,14
equid,15
equip,16
erbia,7
ergon,6
ergos,6
ergot,6
erhus,8
erica,7
erick,11
erics,7
ering,6
eruct,7
erugo,6
erupt,7
eruvs,8
ervil,8
escar,7
escot,7
eskar,9
estoc,7
estop,7
estro,5
ethal,8
ethic,10
ethos,8
ethyl,11
etics,7
etnas,5
etuis,5
etyma,10
eughs,9
eupad,8
euros,5
eusol,5
evict,10
evils,8
exact,14
exalt,12
exams,14
exfil,15
exing,13
exist,12
exits,12
exons,12
expat,14
expos,14
extol,12
extra,12
exuls,12
exult,12
exurb,14
eying,9
eyots,8
eyras,8
fable,10
faced,11
facer,10
faces,10
facet,10
facts,10
fader,9
fades,9
fadge,10
fados,9
faery,11
fagin,9
fagot,9
faiks,12
fails,8
faine,8
fains,8
faint,8
fairs,8
fairy,11
faith,11
faked,13
faker,12
fakes,12
fakey,15
fakie,12
fakir,12
false,8
famed,11
fames,10
fancy,13
fands,9
fanes,8
fango,9
fangs,9
fanks,12
fanos,8
fanum,10
faqir,17
farce,10
farci,10
farcy,13
fards,9
fared,9
fares,8
farle,8
farls,8
farms,10
faros,8
farse,8
farts,8
fasci,10
fasti,8
fated,9
fates,8
fatly,11
fatso,8
faugh,12
fauld,9
fault,8
fauns,8
faurd,9
fauts,8
fauve,11
favel,11
faver,11
faves,11
favor,11
favus,11
fawns,11
fawny,14
faxed,16
faxes,15
fayed,12
fayer,11
fayne,11
fayre,11
fazed,18
fazes,17
feals,8
fears,8
feart,8
feast,8
feats,8
fecal,10
fecht,13
fecit,10
fecks,14
feign,9
feint,8
feist,8
felch,13
felid,9
felon,8
felts,8
felty,11
femal,10
femur,10
fends,9
fendy,12
fenis,8
fenks,12
fents,8
feods,9
feral,8
feria,8
ferly,11
fermi,10
ferms,10
ferns,8
ferny,11
festa,8
festy,11
fetal,8
fetas,8
fetch,13
fetid,9
fetor,8
fetus,8
fetwa,11
feuar,8
feuds,9
fiars,8
fiats,8
fiber,10
fibre,10
fibro,10
fices,10
fiche,13
fichu,13
ficos,10
ficus,10
fides,9
fidge,10
fidos,9
field,9
fiend,9
fient,8
fiers,8
fiery,11
fiest,8
fight,12
figos,9
fiked,13
fikes,12
filar,8
filch,13
filed,9
filer,8
files,8
filet,8
filks,12
films,10
filmy,13
filos,8
filth,11
filum,10
final,8
finca,10
finch,13
finds,9
fined,9
finer,8
fines,8
finks,12
finos,8
fiord,9
fiqhs,20
fique,17
fired,9
fires,8
firks,12
firms,10
firns,8
first,8
firth,11
fishy,14
fisty,11
fitch,13
fitly,11
fitna,8
fiver,11
fives,11
fixed,16
fixer,15
fixes,15
fjeld,16
fjord,16
flabs,10
flack,14
flags,9
flair,8
flake,12
flaks,12
flaky,15
flame,10
flams,10
flamy,13
flane,8
flank,12
flans,8
flaps,10
flare,8
flary,11
flash,11
flask,12
flats,8
flawn,11
flaws,11
flawy,14
flaxy,18
flays,11
fleam,10
fleas,8
fleck,14
flegs,9
flesh,11
fleur,8
flews,11
flexi,15
flexo,15
fleys,11
flick,14
flics,10
flied,9
flier,8
flies,8
flimp,12
flims,10
fling,9
flint,8
flips,10
flirs,8
flirt,8
flisk,12
flite,8
flits,8
float,8
flobs,10
flock,14
flocs,10
floes,8
flogs,9
flong,9
flops,10
flora,8
flors,8
flory,11
flosh,11
flota,8
flote,8
flour,8
flout,8
flown,11
flows,11
flubs,10
flued,9
flues,8
fluey,11
fluid,9
fluke,12
fluky,15
flume,10
flump,12
flung,9
flunk,12
fluor,8
flush,11
flute,8
fluty,11
fluyt,11
flyer,11
flype,13
flyte,11
foals,8
foams,10
foamy,13
focal,10
focus,10
foehn,11
fogey,12
fogie,9
fogle,9
fohns,11
foids,9
foils,8
foins,8
foist,8
folds,9
foley,11
folia,8
folic,10
folie,8
folks,12
folky,15
fomes,10
fonda,9
fonds,9
fondu,9
fones,8
fonly,11
fonts,8
foram,10
foray,11
forbs,10
forby,13
force,10
fords,9
forel,8
fores,8
forex,15
forge,9
forks,12
forky,15
forme,10
forms,10
forte,8
forth,11
forts,8
forty,11
forum,10
forza,17
forze,17
fouat,8
fouds,9
fouer,8
fouet,8
foule,8
fouls,8
found,9
fount,8
fours,8
fouth,11
fovea,11
fowls,11
fowth,14
foxed,16
foxes,15
foxie,15
foyer,11
foyle,11
foyne,11
frabs,10
frack,14
fract,10
frags,9
frail,8
fraim,10
frame,10
franc,10
frank,12
frape,10
fraps,10
frate,8
frati,8
frats,8
fraud,9
fraus,8
frays,11
freak,12
freit,8
fremd,11
frena,8
freon,8
fresh,11
frets,8
fribs,10
fried,9
fries,8
frigs,9
frise,8
frisk,12
frist,8
frith,11
frits,8
fritz,17
frize,17
frock,14
froes,8
frogs,9
frond,9
frons,8
front,8
frosh,11
frost,8
froth,11
frown,11
frows,11
frowy,14
froze,17
frugs,9
fruit,8
frump,12
frush,11
frust,8
fubar,10
fubsy,13
fucks,14
fudge,10
fudgy,13
fuels,8
fuero,8
fugal,9
fugie,9
fugio,9
fugle,9
fugly,12
fujis,15
fumed,11
fumer,10
fumes,10
fumet,10
fundi,9
funds,9
fundy,12
fungi,9
fungo,9
fungs,9
funks,12
funky,15
fural,8
furan,8
furca,10
furls,8
furol,8
furth,11
furze,17
furzy,20
fused,9
fusel,8
fusil,8
fusty,11
futon,8
fuzed,18
fuzes,17
fuzil,17
fyces,13
fyked,16
fykes,15
fyles,11
fyrds,12
gable,8
gades,7
gadis,7
gadje,14
gadjo,14
gadso,7
gaids,7
gaily,9
gains,6
gairs,6
gaits,6
gajos,13
galed,7
gales,6
galop,8
galut,6
galvo,9
gambe,10
gambo,10
gambs,10
gamed,9
gamer,8
games,8
gamey,11
gamic,10
gamin,8
gamps,10
gamut,8
ganch,11
gandy,10
ganef,9
ganev,9
ganof,9
gants,6
gaols,6
gaped,9
gaper,8
gapes,8
gapos,8
garbe,8
garbo,8
garbs,8
gares,6
garis,6
garms,8
garni,6
garth,9
garum,8
gaspy,11
gatch,11
gated,7
gater,6
gates,6
gaths,9
gator,6
gauch,11
gaucy,11
gauds,7
gaudy,10
gauje,13
gault,6
gaums,8
gaumy,11
gaunt,6
gaups,8
gaurs,6
gauze,15
gauzy,18
gavel,9
gavot,9
gawcy,14
gawds,10
gawks,13
gawky,16
gawps,11
gawsy,12
gayer,9
gazed,16
gazer,15
gazes,15
gazon,15
geals,6
geans,6
gears,6
geats,6
gebur,8
gecko,12
gecks,12
geist,6
geits,6
gelds,7
gelid,7
gelts,6
gemot,8
genal,6
genas,6
genic,8
genip,8
genoa,6
genom,8
genro,6
gents,6
genty,9
genua,6
genus,6
geoid,7
gerah,9
germs,8
germy,11
getas,6
getup,8
geums,8
geyan,9
ghast,9
ghats,9
ghaut,9
ghazi,18
ghest,9
ghost,9
ghoul,9
giant,6
gibed,9
gibel,8
giber,8
gibes,8
gibus,8
gifts,9
gilas,6
gilds,7
gilet,6
gilpy,11
gilts,6
gimel,8
gimps,10
gimpy,13
ginch,11
ginks,10
ginzo,15
gipon,8
gipsy,11
girds,7
girls,6
girly,9
girns,6
giron,6
giros,6
girsh,9
girth,9
girts,6
gismo,8
gitch,11
gites,6
giust,6
gived,10
given,9
giver,9
gives,9
gizmo,17
glace,8
glade,7
glads,7
glady,10
glaik,10
glair,6
glams,8
gland,7
glans,6
glare,6
glary,9
glaum,8
glaur,6
glaze,15
glazy,18
gleam,8
glean,6
gleba,8
gleby,11
gleds,7
gleis,6
glens,6
glent,6
gleys,9
glias,6
glibs,8
glide,7
glift,9
glike,10
glime,8
glims,8
glint,6
glisk,10
glits,6
glitz,15
gloam,8
gloat,6
globe,8
globi,8
globs,8
globy,11
glode,7
gloms,8
glops,8
glory,9
glost,6
glout,6
glove,9
glows,9
gloze,15
glued,7
gluer,6
glues,6
gluey,9
glume,8
glums,8
gluon,6
glute,6
gluts,6
glyph,14
gnarl,6
gnars,6
gnash,9
gnats,6
gnaws,9
gnome,8
gnows,9
goads,7
goafs,9
goals,6
goary,9
goats,6
goaty,9
goban,8
gobar,8
gobis,8
godet,7
godly,10
goels,6
goers,6
goest,6
goeth,9
goety,9
gofer,9
goier,6
gojis,13
golds,7
goldy,10
golem,8
goles,6
golfs,9
golpe,8
golps,8
gomer,8
gompa,10
gonad,7
gonch,11
gonef,9
goner,6
gonia,6
gonif,9
gonks,10
gonys,9
gopak,12
gopik,12
goral,6
goras,6
gored,7
gores,6
goris,6
gorms,8
gormy,11
gorps,8
gorse,6
gorsy,9
gosht,9
gotch,11
goths,9
gothy,12
gouch,11
gouks,10
goura,6
gourd,7
gouts,6
gouty,9
gowan,9
gowds,10
gowfs,12
gowks,13
gowls,9
gowns,9
goxes,13
goyim,11
goyle,9
grabs,8
grace,8
grade,7
grads,7
graft,9
grail,6
grain,6
graip,8
grame,8
gramp,10
grams,8
grand,7
grans,6
grant,6
grape,8
graph,11
grapy,11
grasp,8
grate,6
grave,9
gravs,9
gravy,12
grays,9
graze,15
great,6
grebo,8
grein,6
grens,6
grews,9
greys,9
grice,8
gride,7
grids,7
grief,9
grift,9
grike,10
grime,8
grimy,11
grind,7
grins,6
griot,6
gripe,8
grips,8
gript,8
gripy,11
grise,6
grist,6
grisy,9
grith,9
grits,6
grize,15
groan,6
groat,6
grody,10
groin,6
groks,10
groma,8
grone,6
grope,8
grosz,15
grots,6
grouf,9
group,8
grout,6
grove,9
grovy,12
growl,9
grown,9
grows,9
grubs,8
grued,7
gruel,6
grues,6
grufe,9
grume,8
grump,10
grund,7
grunt,6
gryce,11
gryde,10
gryke,13
grype,11
grypt,11
guaco,8
guano,6
guans,6
guard,7
guars,6
gucks,12
gucky,15
gudes,7
guest,6
guide,7
guids,7
guild,7
guile,6
guilt,6
guimp,10
guiro,6
guise,6
gular,6
gulas,6
gulch,11
gules,6
gulet,6
gulfs,9
gulfy,12
gulph,11
gulps,8
gulpy,11
gumbo,10
gumps,10
gundy,10
gunks,10
gunky,13
guqin,15
gurdy,10
gurls,6
gurly,9
gurns,6
gursh,9
gushy,12
gusla,6
gusle,6
gusli,6
gusto,6
gusty,9
gutsy,9
guyed,10
guyle,9
guyot,9
guyse,9
gwine,9
gyals,9
gyans,9
gybed,12
gybes,11
gyeld,10
gymps,13
gynae,9
gynie,9
gynos,9
gyoza,18
gypos,11
gyral,9
gyred,10
gyres,9
gyron,9
gyros,9
gyrus,9
gytes,9
gyved,13
gyves,12
habit,10
hable,10
habus,10
hacek,14
hacks,14
hades,9
hadji,16
hadst,9
haems,10
haets,8
hafiz,20
hafts,11
haick,14
haiks,12
haiku,12
hails,8
haily,11
hains,8
haint,8
hairs,8
hairy,11
hajes,15
hajis,15
hakes,12
hakim,14
hakus,12
haled,9
haler,8
hales,8
halfs,11
halid,9
halms,10
halon,8
halos,8
halse,8
halts,8
halve,11
hamed,11
hames,10
hance,10
hands,9
handy,12
hangi,9
hangs,9
hanks,12
hanky,15
hanse,8
hants,8
haole,8
haply,13
hapus,10
hards,9
hardy,12
hared,9
harem,10
hares,8
harim,10
harks,12
harls,8
harms,10
harns,8
haros,8
harps,10
harpy,13
harts,8
haste,8
hasty,11
hated,9
hater,8
hates,8
hauds,9
haufs,11
hauld,9
haulm,10
hauls,8
hault,8
hauns,8
haunt,8
hause,8
haute,8
haven,11
haver,11
haves,11
havoc,13
hawed,12
hawks,15
hawms,13
hawse,11
hayed,12
hayer,11
hayle,11
hazed,18
hazel,17
hazer,17
hazes,17
heads,9
heady,12
heald,9
heals,8
heaps,10
heapy,13
heard,9
hears,8
heart,8
heast,8
heats,8
heavy,14
hecks,14
hedgy,13
hefts,11
hefty,14
heids,9
heils,8
heirs,8
heist,8
hejab,17
hejra,15
helio,8
helix,15
helms,10
helos,8
helot,8
helps,10
hemal,10
hemic,12
hemin,10
hemps,12
hempy,15
hends,9
henry,11
hents,8
hepar,10
herbs,10
herby,13
herds,9
herls,8
herma,10
herms,10
herns,8
heron,8
heros,8
hertz,17
hexad,16
hexyl,18
hiant,8
hicks,14
hider,9
hides,9
hiems,10
hijab,17
hijra,15
hiked,13
hiker,12
hikes,12
hilar,8
hilts,8
hilum,10
hilus,8
himbo,12
hinau,8
hinds,9
hinge,9
hings,9
hinky,15
hints,8
hiply,13
hired,9
hires,8
hived,12
hiver,11
hives,11
hizen,17
hoaed,9
hoagy,12
hoard,9
hoars,8
hoary,11
hoast,8
hocks,14
hocus,10
hodja,16
hoers,8
hogan,9
hogen,9
hoick,14
hoied,9
hoiks,12
hoing,9
hoise,8
hoist,8
hokas,12
hoked,13
hokes,12
hokey,15
hokis,12
hokum,14
holds,9
holed,9
holes,8
holey,11
holks,12
holme,10
holms,10
holts,8
homas,10
homed,11
homer,10
homes,10
homey,13
homie,10
honda,9
honds,9
honed,9
honer,8
hones,8
honey,11
hongi,9
hongs,9
honks,12
honky,15
hopak,14
hoped,11
hoper,10
hopes,10
horal,8
horas,8
horde,9
horis,8
horks,12
horme,10
horns,8
horny,11
horse,8
horst,8
horsy,11
hosed,9
hosel,8
hosen,8
hoser,8
hosey,11
hosta,8
hotel,8
hoten,8
hotly,11
houfs,11
hound,9
houri,8
hours,8
house,8
houts,8
hovea,11
hoved,12
hovel,11
hoven,11
hover,11
hoves,11
howbe,13
howdy,15
howes,11
howfs,14
howks,15
howls,11
howre,11
hoxed,16
hoxes,15
hoyas,11
hoyed,12
hoyle,11
hucks,14
hudna,9
huers,8
huger,9
huias,8
hulas,8
hules,8
hulks,12
hulky,15
human,10
humas,10
humfs,13
humic,12
humid,11
humor,10
humps,12
humpy,15
hunks,12
hunky,15
hunts,8
hurds,9
hurls,8
hurly,11
hurst,8
hurts,8
husky,15
hutia,8
hwyls,14
hydra,12
hydro,12
hyena,11
hyens,11
hying,12
hykes,15
hylas,11
hyleg,12
hyles,11
hylic,13
hymen,13
hymns,13
hynde,12
hyoid,12
hyped,14
hyper,13
hypes,13
hypos,13
hyrax,18
hyson,11
iambs,9
icers,7
iched,11
iches,10
ichor,10
icker,11
ickle,11
icons,7
ictal,7
ictus,7
idant,6
ideal,6
ideas,6
ident,6
idler,6
idles,6
idola,6
idols,6
idyls,9
iftar,8
igapo,8
iglus,6
ihram,10
ikans,9
ikats,9
ikons,9
ileac,7
ileum,7
ileus,5
image,8
imago,8
imbar,9
imbed,10
imbue,9
imped,10
impel,9
imply,12
impot,9
impro,9
imshy,13
inapt,7
inarm,7
inbox,14
inbye,10
incel,7
incle,7
incog,8
incur,7
incus,7
incut,7
indew,9
index,13
indol,6
indow,9
indue,6
inept,7
inerm,7
inert,5
infer,8
infos,8
infra,8
ingle,6
ingot,6
inked,10
inker,9
inkle,9
inlay,8
inlet,5
inorb,7
input,7
inset,5
inspo,7
intel,5
inter,5
intra,5
intro,5
inula,5
inure,5
inust,5
invar,8
iotas,5
irade,6
irate,5
irked,10
irone,5
irons,5
irony,8
isled,6
islet,5
isnae,5
istle,5
itchy,13
items,7
ither,8
ivory,11
ixnay,15
ixora,12
ixtle,12
izard,15
izars,14
jabot,14
jacks,18
jacky,21
jades,13
jager,13
jagir,13
jails,12
jaker,16
jakes,16
jakey,19
jalop,14
jambe,16
jambo,16
jambs,16
jambu,16
james,14
jamon,14
janes,12
janty,15
japed,15
japer,14
japes,14
jarks,16
jarls,12
jarps,14
jarul,12
jasey,15
jaspe,14
jatos,12
jauks,16
jaunt,12
jaups,14
javel,15
jawed,16
jaxie,19
jeans,12
jeats,12
jedis,13
jehad,16
jehus,15
jelab,14
jeons,12
jerid,13
jerks,16
jerky,19
jeton,12
jiaos,12
jibed,15
jiber,14
jibes,14
jigot,13
jihad,16
jilts,12
jimpy,19
jingo,13
jinks,16
jirds,13
jirga,13
jived,16
jiver,15
jives,15
jivey,18
jobed,15
jobes,14
jocks,18
jocky,21
jodel,13
joeys,15
johns,15
joins,12
joint,12
joist,12
joked,17
joker,16
jokes,16
jokey,19
joled,13
joles,12
jolts,12
jolty,15
jones,12
jongs,13
jonty,15
joram,14
jorum,14
jotas,12
jotun,12
joual,12
jougs,13
jouks,16
joule,12
jours,12
joust,12
jowar,15
jowed,16
jowls,15
jowly,18
joyed,16
jubas,14
jubes,14
jucos,14
judas,13
judge,14
judgy,17
judos,13
jugal,13
juice,14
juicy,17
juked,17
jukes,16
julep,14
jumar,14
jumbo,16
jumby,19
jumps,16
jumpy,19
junco,14
junks,16
junky,19
junta,12
junto,12
jupes,14
jupon,14
jural,12
jurat,12
jurel,12
jures,12
jutes,12
juves,15
juvie,15
kades,10
kadis,10
kafir,12
kagos,10
kagus,10
kaids,10
kaies,9
kaifs,12
kails,9
kaims,11
kaing,10
kains,9
kales,9
kalif,12
kalis,9
kames,11
kamis,11
kandy,13
kaneh,12
kanes,9
kangs,10
kanji,16
kants,9
kanzu,18
kaons,9
kaphs,14
kapow,14
kapus,11
kaput,11
karns,9
karos,9
karst,9
karsy,12
karts,9
karzy,21
kasme,11
katis,9
kaugh,13
kauri,9
kaury,12
kawed,13
kayle,12
kayos,12
kazis,18
kbars,11
kebar,11
kedgy,14
kefir,12
kehua,12
keirs,9
kelim,11
kelps,11
kelpy,14
kelts,9
kelty,12
kembo,13
kembs,13
kemps,13
kempt,13
kempy,16
kenaf,12
kench,14
kendo,10
kenos,9
kents,9
kepis,11
kerbs,11
kerfs,12
kerma,11
kerns,9
keros,9
kesar,9
ketas,9
ketch,14
ketol,9
kevil,12
khadi,13
khafs,15
khans,12
khats,12
khazi,21
kheda,13
khets,12
khoja,19
khors,12
khoum,14
khuds,13
kiang,10
kibes,11
kibla,11
kidel,10
kidge,11
kiefs,12
kiers,9
kievs,12
kight,13
kiley,12
kilns,9
kilos,9
kilps,11
kilts,9
kilty,12
kimbo,13
kinas,9
kinda,10
kinds,10
kindy,13
kines,9
kings,10
kinos,9
kiore,9
kipes,11
kirby,14
kirns,9
kisan,9
kited,10
kiter,9
kites,9
kithe,12
kiths,12
kitul,9
kivas,12
klang,10
klaps,11
klieg,10
klong,10
kluge,10
klutz,18
knags,10
knaps,11
knarl,9
knars,9
knaur,9
knave,12
knawe,12
knead,10
knelt,9
knife,12
knish,12
knits,9
knive,12
knobs,11
knops,11
knosp,11
knots,9
knout,9
knowe,12
knows,12
knubs,11
knurl,9
knurs,9
knuts,9
koans,9
koaps,11
koban,11
koels,9
kofta,12
kogal,10
kohas,12
kohen,12
kohls,12
koine,9
kojis,16
kolas,9
kombu,13
konbu,11
kophs,14
kopje,18
korai,9
koras,9
korat,9
kores,9
korma,11
korun,9
korus,9
kotch,14
koura,9
krabs,11
kraft,12
krais,9
krait,9
krang,10
krans,9
kranz,18
kraut,9
krays,12
kreng,10
krona,9
krone,9
krubi,11
kubie,11
kudos,10
kufis,12
kugel,10
kuias,9
kulan,9
kulas,9
kulfi,12
kumis,11
kumys,14
kuris,9
kurta,9
kutas,9
kutch,14
kutis,9
kwela,12
kyang,13
kyars,12
kyats,12
kybos,14
kydst,13
kyles,12
kylie,12
kylin,12
kylix,19
kyloe,12
kynde,13
kynds,13
kypes,14
kyrie,12
kytes,12
kythe,15
labis,7
labor,7
laced,8
lacer,7
laces,7
lacet,7
lacey,10
lacks,11
laden,6
lader,6
lades,6
laers,5
laevo,8
lager,6
laich,10
laics,7
laids,6
laigh,9
laiks,9
laird,6
lairs,5
lairy,8
laith,8
laity,8
laked,10
laker,9
lakes,9
lakhs,12
lakin,9
lambs,9
lamby,12
lamed,8
lamer,7
lames,7
lamps,9
lance,7
lanch,10
lande,6
lands,6
lanes,5
lanks,9
lanky,12
lants,5
lapin,7
lapis,7
lapje,14
lapse,7
larch,10
lards,6
lardy,9
lares,5
large,6
largo,6
laris,5
larks,9
larky,12
larns,5
larnt,5
larum,7
lased,6
laser,5
latch,10
lated,6
laten,5
later,5
latex,12
lathe,8
lathi,8
laths,8
lathy,11
latke,9
latus,5
lauch,10
lauds,6
laufs,8
laugh,9
laund,6
laved,9
laver,8
laves,8
lawed,9
lawer,8
lawin,8
lawks,12
lawns,8
lawny,11
laxed,13
laxer,12
laxes,12
layed,9
layer,8
layin,8
layup,10
lazed,15
lazes,14
lazos,14
leach,10
leads,6
leady,9
leafs,8
leafy,11
leaks,9
leaky,12
leams,7
leans,5
leant,5
leany,8
leaps,7
leapt,7
learn,5
lears,5
leary,8
leash,8
least,5
leats,5
leavy,11
ledgy,10
ledum,8
lefts,8
lefty,11
legit,6
lehrs,8
lehua,8
leirs,5
leish,8
leman,7
lemon,7
lemur,7
lends,6
lengs,6
lenis,5
lenos,5
lenti,5
lento,5
lepid,8
lepra,7
lepta,7
lerps,7
lesbo,7
letch,10
letup,7
leuch,10
leuco,7
leuds,6
leugh,9
levas,8
levin,8
levis,8
lewis,8
lexis,12
liane,5
liang,6
liard,6
liars,5
liart,5
liber,7
libra,7
licht,10
licks,11
lidar,6
lidos,6
liefs,8
liens,5
liers,5
lieus,5
lifer,8
lifes,8
lifts,8
ligan,6
liger,6
light,9
ligne,6
liked,10
liken,9
liker,9
likes,9
liman,7
limas,7
limax,14
limba,9
limbo,9
limbs,9
limby,12
limed,8
limen,7
limes,7
limey,10
limns,7
limos,7
limpa,9
limps,9
linac,7
linch,10
linds,6
lindy,9
lined,6
liner,5
lines,5
liney,8
linga,6
lingo,6
lings,6
lingy,9
links,9
linky,12
linos,5
lints,5
linty,8
linum,7
linux,12
lions,5
lipas,7
lipes,7
lipos,7
liras,5
lirks,9
lirot,5
litas,5
lited,6
liter,5
lites,5
lithe,8
litho,8
liths,8
litre,5
lived,9
liven,8
liver,8
lives,8
livor,8
livre,8
loach,10
loads,6
loafs,8
loams,7
loamy,10
loans,5
loast,5
loath,8
loave,8
lobar,7
lobed,8
lobes,7
lobus,7
loche,10
lochs,10
locie,7
locis,7
locks,11
locum,9
locus,7
loden,6
lodes,6
lodge,7
lofts,8
lofty,11
logan,6
loges,6
logia,6
logic,8
logie,6
login,6
lohan,8
loids,6
loins,5
loipe,7
loirs,5
lokes,9
lomas,7
lomed,8
lomes,7
loner,5
longa,6
longe,6
longs,6
loped,8
loper,7
lopes,7
loran,5
lords,6
lordy,9
lores,5
loric,7
loris,5
losed,6
losen,5
loser,5
lotah,8
lotas,5
lotes,5
lotic,7
lotsa,5
lotus,5
loued,6
lough,9
louie,5
louis,5
louma,7
lound,6
louns,5
loupe,7
loups,7
loure,5
lours,5
loury,8
louse,5
lousy,8
louts,5
lovat,8
loved,9
lover,8
loves,8
lovey,11
lovie,8
lowan,8
lowed,9
lower,8
lowes,8
lownd,9
lowne,8
lowns,8
lowps,10
lowry,11
lowse,8
lowts,8
loxed,13
loxes,12
lozen,14
luach,10
lubed,8
lubes,7
lubra,7
luces,7
lucid,8
lucks,11
lucky,14
lucre,7
ludes,6
ludic,8
ludos,6
luged,7
luger,6
luges,6
lumas,7
lumbi,9
lumen,7
lumps,9
lumpy,12
lunar,5
lunas,5
lunch,10
lunes,5
lunet,5
lunge,6
lungi,6
lungs,6
lunks,9
lunts,5
lupin,7
lurch,10
lured,6
lures,5
lurex,12
lurgi,6
lurgy,9
lurid,6
lurks,9
lurve,8
luser,5
lushy,11
lusty,8
lutea,5
luted,6
luter,5
lutes,5
luxed,13
luxer,12
luxes,12
lweis,8
lyams,10
lyard,9
lyart,8
lyase,8
lycea,10
lycra,10
lying,9
lymes,10
lymph,15
lynch,13
lynes,8
lyres,8
lyric,10
lysed,9
lysin,8
lyted,9
lytes,8
lythe,11
lytic,10
mabes,9
maced,10
macer,9
maces,9
mache,12
machi,12
macho,12
machs,12
macks,13
macle,9
macon,9
macro,9
madge,9
madly,11
madre,8
maerl,7
mafic,12
mages,8
magic,10
magot,8
magus,8
mahoe,10
maids,8
maiko,11
maiks,11
maile,7
mails,7
mains,7
maire,7
mairs,7
maise,7
maist,7
maize,16
major,14
maker,11
makes,11
makis,11
makos,11
males,7
malic,9
malik,11
malis,7
malts,7
malty,10
malus,7
mandi,8
maneb,9
maned,8
maneh,10
manes,7
manet,7
mange,8
mango,8
mangs,8
mangy,11
manic,9
manis,7
manky,14
manly,10
manor,7
manos,7
manse,7
manto,7
manty,10
manul,7
manus,7
maple,9
maqui,16
march,12
marcs,9
mardy,11
mares,7
marge,8
margs,8
marid,8
marks,11
marle,7
marls,7
marly,10
maron,7
marse,7
marsh,10
marts,7
marvy,13
mased,8
maser,7
mashy,13
mason,7
masty,10
match,12
mated,8
mater,7
mates,7
matey,10
maths,10
matin,7
matlo,7
matzo,16
mauby,12
mauds,8
mauls,7
maund,8
mauri,7
mausy,10
mauts,7
mauve,10
mauzy,19
maven,10
mavie,10
mavin,10
mavis,10
mawed,11
mawks,14
mawky,17
mawns,10
mawrs,10
maxed,15
maxes,14
maxis,14
maybe,12
mayed,11
mayor,10
mayos,10
mayst,10
mazed,17
mazer,16
mazes,16
mazey,19
mazut,16
mbira,9
meads,8
meals,7
mealy,10
means,7
meant,7
meany,10
meath,10
meats,7
meaty,10
mebos,9
mechs,12
mecks,13
medal,8
media,8
medic,10
meins,7
meint,7
meiny,10
meith,10
melas,7
melba,9
melds,8
melic,9
melik,11
melon,7
melts,7
melty,10
menad,8
mends,8
mengs,8
mensa,7
mensh,10
menta,7
mento,7
menus,7
meous,7
meows,10
merch,12
mercs,9
mercy,12
meril,7
meris,7
merit,7
merks,11
merls,7
mesal,7
meshy,13
mesic,9
meson,7
mesto,7
metal,7
metho,10
meths,10
metic,9
metif,10
metis,7
metol,7
metro,7
mewls,10
meynt,10
miaou,7
miaow,10
miaul,7
micas,9
miche,12
micht,12
micks,13
micky,16
micos,9
micra,9
micro,9
midge,9
midgy,12
midst,8
miens,7
mifty,13
might,11
mihas,10
miked,12
mikes,11
mikra,11
mikva,14
milch,12
milds,8
miler,7
miles,7
milfs,10
milko,11
milks,11
milky,14
milor,7
milos,7
milpa,9
milts,7
milty,10
miltz,16
minae,7
minar,7
minas,7
mince,9
mincy,12
minds,8
mined,8
miner,7
mines,7
minge,8
mings,8
mingy,11
minke,11
minks,11
minor,7
minos,7
mints,7
minty,10
minus,7
mired,8
mires,7
mirex,14
mirks,11
mirky,14
mirly,10
miros,7
mirth,10
mirvs,10
mirza,16
misch,12
misdo,8
miser,7
misgo,8
misty,10
mitch,12
miter,7
mites,7
mitre,7
mixed,15
mixen,14
mixer,14
mixes,14
mixte,14
mixup,16
mizen,16
moans,7
moats,7
mobes,9
mobey,12
mobie,9
moble,9
mocha,12
mochi,12
mochs,12
mochy,15
mocks,13
modal,8
model,8
moder,8
modes,8
modge,9
modus,8
moers,7
mogul,8
mohel,10
mohrs,10
mohua,10
mohur,10
moile,7
moils,7
moira,7
moire,7
moist,7
moits,7
mokes,11
mokis,11
molar,7
molas,7
molds,8
moldy,11
moled,8
moles,7
molts,7
molys,10
monad,8
monal,7
monas,7
monde,8
moner,7
money,10
mongs,8
monic,9
monie,7
monks,11
monte,7
month,10
monty,10
moped,10
moper,9
mopes,9
mopey,12
mopsy,12
mopus,9
morae,7
moral,7
moras,7
morat,7
moray,10
morel,7
mores,7
moria,7
morne,7
morns,7
morph,12
morse,7
morts,7
mosed,8
mosey,10
moste,7
moted,8
motel,7
moten,7
motes,7
motey,10
moths,10
mothy,13
motif,10
motis,7
motus,7
motza,16
mouch,12
moues,7
mould,8
mouls,7
moult,7
mound,8
mount,7
moups,9
mourn,7
mouse,7
moust,7
mousy,10
mouth,10
moved,11
mover,10
moves,10
movie,10
mowas,10
mowed,11
mower,10
mowra,10
moxas,14
moxie,14
moyas,10
moyle,10
moyls,10
mozed,17
mozes,16
mpret,9
mucho,12
mucid,10
mucin,9
mucks,13
mucky,16
mucor,9
mucro,9
mudge,9
mudir,8
mudra,8
mufti,10
muhly,13
muids,8
muils,7
muirs,7
muist,7
mujik,18
mulch,12
mulct,9
muled,8
mules,7
muley,10
mulga,8
mulie,7
mulse,7
mulsh,10
munch,12
munga,8
munge,8
mungo,8
mungs,8
munis,7
munts,7
muons,7
mural,7
muras,7
mured,8
mures,7
murex,14
murid,8
murks,11
murky,14
murls,7
murly,10
murti,7
murva,10
musar,7
musca,9
mused,8
muser,7
muset,7
musha,10
mushy,13
music,9
musit,7
musky,14
musth,10
musty,10
mutch,12
muted,8
muter,7
mutes,7
mutha,10
mutis,7
muton,7
muxed,15
muxes,14
muzak,20
mvule,10
mylar,10
mynah,13
mynas,10
myoid,11
myope,12
myops,12
mysid,11
mythi,13
myths,13
myxos,17
nabes,7
nabis,7
nabks,11
nache,10
nacho,10
nacre,7
nadir,6
naevi,8
nagor,6
naifs,8
naiks,9
nails,5
nairu,5
naive,8
naked,10
naker,9
naled,6
named,8
namer,7
names,7
namus,7
naped,8
napes,7
narco,7
narcs,7
nards,6
nares,5
naric,7
naris,5
narks,9
narky,12
nashi,8
nasty,8
natch,10
nates,5
natis,5
nauch,10
navel,8
naves,8
navew,11
nazes,14
nazir,14
nazis,14
nduja,13
neals,5
neaps,7
nears,5
neath,8
neats,5
necks,11
negro,6
negus,6
neifs,8
neigh,9
neist,5
nelis,5
nemas,7
nempt,9
nepit,7
neral,5
nerds,6
nerdy,9
nerka,9
nerks,9
nerol,5
nerts,5
nertz,14
nervy,11
netop,7
neuks,9
neums,7
nevus,8
newbs,10
newly,11
newsy,11
newts,8
nexts,12
nexus,12
ngaio,6
ngati,6
ngoma,8
nicad,8
nicer,7
niche,10
nicht,10
nicks,11
nicol,7
nidal,6
nides,6
nidor,6
nidus,6
niefs,8
nifes,8
nifty,11
niger,6
nighs,9
night,9
nikab,11
nikah,12
nikau,9
nimbs,9
nimps,9
nipas,7
niqab,16
nirls,5
nirly,8
niter,5
nites,5
nitre,5
nitro,5
nitry,8
nival,8
nixed,13
nixer,12
nixes,12
nizam,16
nkosi,9
noahs,8
noble,7
nobly,10
nocks,11
nodal,6
nodes,6
nodus,6
noels,5
noils,5
noily,8
noirs,5
noise,5
noisy,8
noles,5
nomad,8
nomas,7
nomes,7
nomic,9
nopal,7
noria,5
noris,5
norks,9
norma,7
norms,7
north,8
nosed,6
noser,5
nosey,8
notal,5
notch,10
noted,6
noter,5
notes,5
notum,7
nould,6
noule,5
nouls,5
noups,7
novae,8
novas,8
novel,8
novum,10
noway,11
nowed,9
nowls,8
nowts,8
nowty,11
noxal,12
noxes,12
noyau,8
noyed,9
noyes,8
nubia,7
nucha,10
nuder,6
nudes,6
nudge,7
nudie,6
nudzh,18
nugae,6
nuked,10
nukes,9
numbs,9
nurds,6
nurdy,9
nurls,5
nurse,5
nutso,5
nutsy,8
nymph,15
oaked,10
oaken,9
oaker,9
oakum,11
oared,6
oaten,5
oater,5
oaths,8
oaves,8
obang,8
obeah,10
obeli,7
obeys,10
obias,7
obied,8
obits,7
objet,14
ocean,7
ocher,10
oches,10
ochre,10
ochry,13
ocker,11
ocrea,7
octad,8
octal,7
octan,7
octas,7
octyl,10
oculi,7
odahs,9
odals,6
odeum,8
odism,8
odist,6
odium,8
odyle,9
odyls,9
ofays,11
oflag,9
often,8
ofter,8
ogams,8
ogham,11
ogive,9
ogled,7
ogler,6
ogles,6
ogmic,10
ogres,6
ohias,8
ohing,9
ohmic,12
oiled,6
oiler,5
oinks,9
oints,5
ojime,14
okapi,11
okays,12
okehs,12
okras,9
oktas,9
olden,6
older,6
oldie,6
oleic,7
olein,5
olent,5
oleum,7
olive,8
olpae,7
olpes,7
omber,9
ombre,9
ombus,9
omega,8
omens,7
omers,7
omits,7
omlah,10
omrah,10
oncer,7
onces,7
oncet,7
oncus,7
onely,8
oners,5
onery,8
onium,7
onkus,9
onlay,8
onset,5
ontic,7
opahs,10
opals,7
opens,7
opera,7
opine,7
oping,8
opium,9
opsin,7
opted,8
opter,7
optic,9
orach,10
oracy,10
orals,5
orang,6
orant,5
orate,5
orbed,8
orbit,7
orcas,7
orcin,7
oread,6
orfes,8
organ,6
orgia,6
orgic,8
orgue,6
oriel,5
orixa,12
orles,5
ornis,5
orpin,7
orval,8
oscar,7
oshac,10
osier,5
osmic,9
ostia,5
otaku,9
otary,8
other,8
oubit,7
oucht,10
ouens,5
ought,9
ouija,12
oulks,9
oumas,7
ounce,7
oundy,9
oupas,7
ouped,8
ouphe,10
ouphs,10
ourie,5
ousel,5
outby,10
outed,6
outer,5
outre,5
ouzel,14
ovals,8
ovary,11
ovate,8
ovels,8
ovens,8
overs,8
overt,8
ovine,8
ovist,8
ovule,8
owche,13
owies,8
owing,9
owled,9
owler,8
owlet,8
owned,9
owner,8
owres,8
owrie,8
owsen,8
oxers,12
oxide,13
oxids,13
oxies,12
oxime,14
oxims,14
oxlip,14
oxter,12
oyers,8
ozeki,18
paced,10
pacer,9
paces,9
pacey,12
packs,13
pacos,9
pacts,9
padis,8
padle,8
padre,8
padri,8
paedo,8
paeon,7
paged,9
pager,8
pages,8
pagle,8
pagod,9
pagri,8
paiks,11
pails,7
pains,7
paint,7
paire,7
pairs,7
paise,7
paled,8
paler,7
pales,7
palet,7
palis,7
palki,11
palms,9
palmy,12
palsy,10
pance,9
pands,8
pandy,11
paned,8
panel,7
panes,7
pangs,8
panic,9
panim,9
panko,11
pansy,10
panto,7
pants,7
panty,10
paoli,7
parch,12
pardi,8
pards,8
pardy,11
pared,8
paren,7
pareo,7
pares,7
pareu,7
parev,10
parge,8
pargo,8
paris,7
parki,11
parks,11
parky,14
parle,7
parly,10
parol,7
parse,7
parti,7
parts,7
party,10
parve,10
parvo,10
paseo,7
pashm,12
paste,7
pasty,10
patch,12
pated,8
paten,7
pater,7
pates,7
paths,10
patin,7
patio,7
patly,10
patsy,10
patus,7
pauls,7
pause,7
paved,11
paven,10
paver,10
paves,10
pavid,11
pavin,10
pavis,10
pawed,11
pawer,10
pawks,14
pawky,17
pawls,10
pawns,10
paxes,14
payed,11
payer,10
payor,10
paysd,11
peach,12
peags,8
peaks,11
peaky,14
peals,7
peans,7
pearl,7
pears,7
peart,7
peats,7
peaty,10
peavy,13
pebas,9
pecan,9
pechs,12
pecks,13
pecky,16
pedal,8
pedis,8
pedro,8
peghs,11
peins,7
pekan,11
pekin,11
pelas,7
pelau,7
pelfs,10
pelma,9
pelon,7
pelta,7
pelts,7
penal,7
pends,8
pendu,8
pengo,8
penis,7
penks,11
pents,7
peons,7
peony,10
perai,7
perch,12
percs,9
perdu,8
perdy,11
peril,7
peris,7
perks,11
perky,14
perms,9
perns,7
perog,8
perst,7
perts,7
pervo,10
pervs,10
pervy,13
pesky,14
pesto,7
pesty,10
petal,7
petar,7
petri,7
pewit,10
phage,11
phang,11
phare,10
pharm,12
phase,10
pheon,10
phial,10
phlox,17
phoca,12
phone,10
phons,10
phony,13
phots,10
phuts,10
phyla,13
phyle,13
piano,7
pians,7
pibal,9
pical,9
picas,9
picks,13
picky,16
picot,9
picra,9
picul,9
piend,8
piers,7
piert,7
pieta,7
piets,7
piety,10
piezo,16
pight,11
pigmy,13
pikas,11
pikau,11
piked,12
piker,11
pikes,11
pikey,14
pikul,11
pilae,7
pilaf,10
pilao,7
pilar,7
pilau,7
pilaw,10
pilch,12
pilea,7
piled,8
piler,7
piles,7
pilot,7
pilow,10
pilum,9
pilus,7
pimas,9
pinas,7
pinch,12
pined,8
pines,7
piney,10
pingo,8
pings,8
pinko,11
pinks,11
pinky,14
pinot,7
pinta,7
pinto,7
pints,7
pions,7
piony,10
pious,7
pioye,10
pioys,10
pique,16
pirls,7
pirns,7
pirog,8
pisco,9
pisky,14
piste,7
pitas,7
pitch,12
piths,10
pithy,13
piton,7
piums,9
pivot,10
pixel,14
pixes,14
pized,17
pizes,16
place,9
plack,13
plage,8
plaid,8
plain,7
plait,7
plane,7
plank,11
plans,7
plant,7
plash,10
plasm,9
plast,7
plate,7
plats,7
platy,10
plays,10
plead,8
pleas,7
pleat,7
plebs,9
plena,7
pleon,7
plesh,10
plews,10
plica,9
plied,8
plier,7
plies,7
plims,9
pling,8
plink,11
ploat,7
plods,8
plong,8
plonk,11
plots,7
plotz,16
plouk,11
plows,10
ploye,10
ploys,10
pluck,13
plues,7
plugs,8
plumb,11
plume,9
plums,9
plumy,12
plunk,11
pluot,7
plush,10
pluto,7
plyer,10
poach,12
poake,11
pocks,13
pocky,16
podal,8
podex,15
podge,9
podgy,12
podia,8
poems,9
poesy,10
poets,7
pogey,11
pohed,11
poilu,7
poind,8
point,7
poise,7
pokal,11
poked,12
poker,11
pokes,11
pokey,14
pokie,11
polar,7
poled,8
poler,7
poles,7
poley,10
polis,7
polje,14
polka,11
polks,11
polts,7
polys,10
pombe,11
pomes,9
ponce,9
poncy,12
ponds,8
pones,7
poney,10
ponga,8
pongs,8
pongy,11
ponks,11
ponts,7
ponty,10
ponzu,16
porae,7
poral,7
porch,12
pored,8
pores,7
porge,8
porgy,11
porin,7
porks,11
porky,14
porns,7
porny,10
porta,7
ports,7
porty,10
posed,8
poser,7
posey,10
posit,7
potae,7
potch,12
poted,8
potes,7
potin,7
potsy,10
pouch,12
poufs,10
pouke,11
pouks,11
poule,7
poult,7
pound,8
pours,7
pouts,7
pouty,10
powan,10
power,10
powin,10
pownd,11
powns,10
powny,13
powre,10
poxed,15
poxes,14
poynt,10
poyse,10
prads,8
prahu,10
prams,9
prang,8
prank,11
praos,7
prase,7
prate,7
prats,7
praty,10
praus,7
prawn,10
prays,10
predy,11
preif,10
prems,9
premy,12
prent,7
preon,7
presa,7
prest,7
prexy,17
preys,10
prial,7
price,9
prick,13
pricy,12
pride,8
pried,8
prief,10
pries,7
prigs,8
prima,9
prime,9
primo,9
prims,9
primy,12
prink,11
print,7
prion,7
prise,7
prism,9
privy,13
prize,16
proas,7
probe,9
probs,9
prods,8
proem,9
profs,10
progs,8
proin,7
proke,11
prole,7
proms,9
prone,7
prong,8
pronk,11
prose,7
prost,7
prosy,10
proud,8
proul,7
prove,10
prowl,10
prows,10
proxy,17
proyn,10
prude,8
prune,7
prunt,7
pruta,7
pryse,10
psalm,9
pseud,8
pshaw,13
psion,7
psoae,7
psoai,7
psora,7
psych,15
pubco,11
pubes,9
pubic,11
pubis,9
pucan,9
pucer,9
puces,9
pucka,13
pucks,13
pudge,9
pudgy,12
pudic,10
pudor,8
pudsy,11
puers,7
pugil,8
puhas,10
pujah,17
pujas,14
pukas,11
puked,12
puker,11
pukes,11
pukey,14
pulao,7
pulas,7
puled,8
puler,7
pules,7
pulik,11
pulis,7
pulka,11
pulks,11
pulmo,9
pulse,7
pumas,9
pumie,9
punas,7
punce,9
punch,12
punga,8
pungs,8
punji,14
punka,11
punks,11
punky,14
punto,7
punts,7
punty,10
purda,8
pured,8
pures,7
purge,8
purin,7
puris,7
purls,7
purse,7
pursy,10
purty,10
pushy,13
pusle,7
putid,8
puton,7
puzel,16
pwned,11
pyats,10
pyets,10
pygal,11
pyins,10
pylon,10
pyned,11
pynes,10
pyoid,11
pyots,10
pyral,10
pyran,10
pyres,10
pyrex,17
pyric,12
pyros,10
pyxed,18
pyxes,17
pyxie,17
pyxis,17
qadis,15
qaids,15
qapik,20
qibla,16
qophs,19
qorma,16
quack,20
quads,15
quags,15
quail,14
quair,14
quais,14
quake,18
quaky,21
quale,14
qualm,16
quant,14
quare,14
quark,18
quart,14
quash,17
quasi,14
quate,14
quats,14
quayd,18
quays,17
qubit,16
quean,14
quena,14
quern,14
query,17
quest,14
queyn,17
queys,17
quich,19
quick,20
quids,15
quiet,14
quilt,14
quims,16
quina,14
quine,14
quino,14
quins,14
quint,14
quipo,16
quips,16
quire,14
quirk,18
quirt,14
quist,14
quite,14
quits,14
quoad,15
quods,15
quoif,17
quoin,14
quoit,14
quonk,18
quops,16
quota,14
quote,14
quoth,17
qursh,17
quyte,17
rabic,9
rabid,8
rabis,7
raced,8
races,7
rache,10
racks,11
racon,7
radge,7
radio,6
radix,13
radon,6
rafts,8
ragde,7
raged,7
rages,6
ragis,6
ragus,6
rahed,9
rahui,8
raids,6
raiks,9
raile,5
rails,5
raine,5
rains,5
rainy,8
raise,5
raits,5
rajes,12
raked,10
rakes,9
rakis,9
rakus,9
rales,5
ralph,10
ramen,7
ramet,7
ramie,7
ramin,7
ramis,7
ramps,9
ramus,7
rance,7
ranch,10
rands,6
randy,9
range,6
rangi,6
rangs,6
rangy,9
ranid,6
ranis,5
ranke,9
ranks,9
rants,5
raped,8
rapes,7
raphe,10
rapid,8
rased,6
raspy,10
ratch,10
rated,6
ratel,5
rates,5
rathe,8
raths,8
ratio,5
ratos,5
ratus,5
rauns,5
raupo,7
raved,9
ravel,8
raven,8
raves,8
ravey,11
ravin,8
rawin,8
rawly,11
rawns,8
raxed,13
raxes,12
rayed,9
rayle,8
rayne,8
rayon,8
razed,15
razes,14
reach,10
react,7
reads,6
ready,9
reais,5
reaks,9
realm,7
realo,5
reals,5
reams,7
reamy,10
reans,5
reaps,7
reast,5
rebid,8
rebit,7
rebop,9
rebus,7
rebut,7
rebuy,10
recal,7
recap,9
recit,7
recks,11
recon,7
recta,7
recti,7
recto,7
recut,7
redan,6
redia,6
redip,8
redly,9
redon,6
redos,6
redox,13
redub,8
redux,13
refis,8
refit,8
refix,15
refly,11
regal,6
regma,8
regna,6
regos,6
rehab,10
reifs,8
reify,11
reign,6
reiks,9
reink,9
reins,5
reist,5
rejig,13
rejon,12
relax,12
relay,8
relic,7
relit,5
reman,7
remap,9
remit,7
remix,14
renal,5
renay,8
rends,6
renga,6
renig,6
renos,5
rents,5
reoil,5
repay,10
repin,7
repla,7
reply,10
repos,7
repot,7
resat,5
resaw,8
resay,8
resid,6
resin,5
resit,5
resod,6
resow,8
resto,5
resty,8
retag,6
retax,12
retch,10
retia,5
retox,12
rewan,8
rewax,15
rewin,8
rewon,8
rewth,11
rheas,8
rheum,10
rhies,8
rhime,10
rhine,8
rhino,8
rhody,12
rhomb,12
rhone,8
rhumb,12
rhyme,13
rhyne,11
rhyta,11
riads,6
rials,5
riant,5
ribas,7
ribes,7
riced,8
rices,7
ricey,10
richt,10
ricks,11
rides,6
ridge,7
ridgy,10
riels,5
riems,7
rifle,8
rifte,8
rifts,8
rifty,11
right,9
rigol,6
riled,6
riles,5
riley,8
rimae,7
rimed,8
rimes,7
rimus,7
rinds,6
rindy,9
rines,5
rings,6
rinks,9
rinse,5
rioja,12
riots,5
riped,8
ripen,7
ripes,7
risen,5
risky,12
rites,5
ritzy,17
rival,8
rivas,8
rived,9
rivel,8
riven,8
rives,8
rivet,8
riyal,8
rizas,14
roach,10
roads,6
roams,7
roans,5
roast,5
roate,5
robed,8
robes,7
robin,7
roble,7
rocks,11
rocky,14
rodes,6
rogue,6
roguy,9
rohes,8
roids,6
roils,5
roily,8
roins,5
roist,5
rojak,16
rojis,12
roked,10
rokes,9
rolag,6
roles,5
rolfs,8
romal,7
roman,7
romps,9
ronde,6
rones,5
ronte,5
ronts,5
roped,8
ropes,7
ropey,10
roque,14
rosed,6
roset,5
roshi,8
rosin,5
rosit,5
rosti,5
rotal,5
rotan,5
rotas,5
rotch,10
roted,6
rotes,5
rotis,5
rotls,5
rouen,5
roues,5
rouge,6
rough,9
roule,5
rouls,5
roums,7
round,6
roups,7
roupy,10
rouse,5
roust,5
route,5
routh,8
routs,5
roved,9
roven,8
roves,8
rowan,8
rowdy,12
rowed,9
rowel,8
rowen,8
rowie,8
rowme,10
rownd,9
rowth,11
rowts,8
royal,8
royne,8
royst,8
rozet,14
rozit,14
rubai,7
rubel,7
rubes,7
rubin,7
ruble,7
rubli,7
ruche,10
rucks,11
rudas,6
rudes,6
rudie,6
rudis,6
rueda,6
rugae,6
rugal,6
rugby,11
ruing,6
ruins,5
rukhs,12
ruled,6
rules,5
rumal,7
rumba,9
rumbo,9
rumen,7
rumes,7
rumly,10
rumpo,9
rumps,9
rumpy,12
runch,10
runds,6
runed,6
runes,5
rungs,6
runic,7
runts,5
runty,8
rupia,7
rushy,11
rusma,7
rusty,8
ruths,8
rutin,5
ryals,8
rybat,10
ryked,13
rykes,12
rynds,9
ryots,8
sabed,8
saber,7
sabin,7
sabir,7
sable,7
sabot,7
sabre,7
sadhe,9
sadhu,9
sadly,9
safed,9
safer,8
sager,6
sagum,8
saheb,10
sahib,10
saice,7
saick,11
saine,5
saint,5
saith,8
sajou,12
saker,9
sakti,9
salep,7
salet,5
salic,7
salix,12
salmi,7
salon,5
salop,7
salto,5
salty,8
salue,5
salut,5
salve,8
salvo,8
sambo,9
samek,11
samel,7
samen,7
samey,10
samfu,10
sampi,9
sandy,9
saned,6
saner,5
sangh,9
sango,6
sanko,9
santo,5
sapid,8
sapor,7
sared,6
sarge,6
sargo,6
sarin,5
sarky,12
sarod,6
sated,6
satem,7
satin,5
satyr,8
sauce,7
sauch,10
saucy,10
saugh,9
sault,5
saunt,5
saury,8
saute,5
saved,9
saver,8
savey,11
savin,8
savor,8
savoy,11
sawed,9
sawer,8
sayed,9
sayer,8
sayid,9
sayne,8
sayon,8
scail,7
scald,8
scale,7
scalp,9
scaly,10
scamp,11
scand,8
scant,7
scape,9
scapi,9
scare,7
scarf,10
scarp,9
scart,7
scary,10
scath,10
scaud,8
scaup,9
scaur,7
sceat,7
scena,7
scend,8
scent,7
schav,13
schmo,12
schul,10
schwa,13
scion,7
sclim,9
scody,11
scold,8
scone,7
scopa,9
scope,9
score,7
scorn,7
scoug,8
scoup,9
scour,7
scout,7
scowl,10
scowp,12
scrab,9
scrae,7
scrag,8
scram,9
scran,7
scrap,9
scrat,7
scraw,10
scray,10
screw,10
scrim,9
scrip,9
scrob,9
scrod,8
scrog,8
scrow,10
scrub,9
scrum,9
scuba,9
scudi,8
scudo,8
scuft,10
sculk,11
sculp,9
scurf,10
scuta,7
scute,7
sdayn,9
sdein,6
seamy,10
sebum,9
sedan,6
sedgy,10
sedum,8
segar,6
segni,6
segno,6
segol,6
sehri,8
seity,8
seiza,14
selah,8
selva,8
sengi,6
senor,5
senti,5
senvy,11
senza,14
sepad,8
sepal,7
sepia,7
sepic,9
sepoy,10
septa,7
serac,7
serai,5
seral,5
seric,7
serif,8
serin,5
seron,5
serow,8
serum,7
servo,8
setal,5
seton,5
setup,7
sewan,8
sewar,8
sewin,8
sexto,12
shack,14
shade,9
shady,12
shaft,11
shake,12
shako,12
shakt,12
shaky,15
shale,8
shalm,10
shalt,8
shaly,11
shame,10
shand,9
shank,12
shape,10
shard,9
share,8
shark,12
sharn,8
sharp,10
shaul,8
shave,11
shawl,11
shawm,13
shawn,11
sheaf,11
sheal,8
shear,8
sheik,12
shelf,11
shend,9
shent,8
sheol,8
sherd,9
shero,8
sheva,11
shewn,11
shied,9
shiel,8
shier,8
shift,11
shily,11
shine,8
shiny,11
shire,8
shirk,12
shirt,8
shite,8
shiur,8
shiva,11
shive,11
shlep,10
shlub,10
shmek,14
shmoe,10
shoal,8
shoat,8
shock,14
shoed,9
shoer,8
shogi,9
shoji,15
shola,8
shone,8
shope,10
shore,8
shorl,8
shorn,8
short,8
shote,8
shout,8
shove,11
showd,12
shown,11
showy,14
shoyu,11
shred,9
shrew,11
shrow,11
shrub,10
shrug,9
shtik,12
shtum,10
shtup,10
shuck,14
shule,8
shuln,8
shunt,8
shura,8
shute,8
shyer,11
sibyl,10
sicht,10
sicko,11
sicky,14
sider,6
sidha,9
sidhe,9
sidle,6
sield,6
sient,5
sieth,8
sieur,5
sight,9
sigla,6
sigma,8
signa,6
siker,9
siled,6
silen,5
siler,5
silex,12
silky,12
silty,8
silva,8
simar,7
simba,9
simul,7
since,7
sined,6
sinew,8
singe,6
sinky,12
siped,8
sired,6
siren,5
siroc,7
sirup,7
sitar,5
sited,6
sithe,8
sitka,9
situp,7
siver,8
sixer,12
sixmo,14
sixte,12
sixth,15
sixty,15
sizar,14
sized,15
sizel,14
sizer,14
skail,9
skald,10
skart,9
skate,9
skean,9
skear,9
skein,9
skelf,12
skelm,11
skelp,11
skied,10
skier,9
skiey,12
skimo,11
skimp,13
skint,9
skirl,9
skirt,9
skite,9
skive,12
skivy,15
sklim,11
skoal,9
skody,13
skort,9
skran,9
skyed,13
skyer,12
skyre,12
skyte,12
slack,11
slade,6
slaid,6
slain,5
slake,9
slane,5
slang,6
slank,9
slant,5
slart,5
slate,5
slaty,8
slave,8
slept,7
slice,7
slick,11
slide,6
slier,5
slime,7
slimy,10
sling,6
slink,9
slipe,7
slipt,7
slive,8
sloan,5
sloid,6
slojd,13
slope,7
slopy,10
slorm,7
sloth,8
slove,8
sloyd,9
slued,6
sluit,5
slump,9
slung,6
slunk,9
slurb,7
slurp,7
slyer,8
slype,10
smack,13
smaik,11
smalt,7
smart,7
smaze,16
smear,7
smeik,11
smelt,7
smerk,11
smile,7
smirk,11
smite,7
smith,10
smock,13
smoke,11
smoky,14
smolt,7
smore,7
smorg,8
smote,7
smout,7
smowt,10
snack,11
snafu,8
snail,5
snake,9
snaky,12
snare,5
snarf,8
snark,9
snarl,5
snary,8
snath,8
snead,6
sneak,9
sneap,7
sneck,11
snick,11
snide,6
snift,8
snipe,7
snipy,10
snirt,5
snoek,9
snoep,7
snoke,9
snore,5
snort,5
snout,5
snowk,12
snowy,11
snuck,11
soapy,10
soare,5
soave,8
sober,7
socle,7
sodic,8
sofar,8
softa,8
softy,11
soger,6
sohur,8
soily,8
sokah,12
soken,9
solah,8
solan,5
solar,5
solde,6
soldi,6
soled,6
solei,5
soler,5
solid,6
solum,7
solve,8
soman,7
sonar,5
sonce,7
sonde,6
sonic,7
sonly,8
sophy,13
sopra,7
soral,5
sorda,6
sored,6
sorel,5
sorex,12
sorta,5
souce,7
souct,7
sough,9
sound,6
soupy,10
south,8
sowar,8
sowce,10
sowed,9
sower,8
sowle,8
sownd,9
sowne,8
sowth,11
soyle,8
soyuz,17
sozin,14
space,9
spacy,12
spade,8
spado,8
spaed,8
spaer,7
spahi,10
spail,7
spain,7
spait,7
spake,11
spald,8
spale,7
spalt,7
spane,7
spang,8
spank,11
spard,8
spare,7
spark,11
spart,7
spate,7
spaul,7
spawl,10
spawn,10
spayd,11
speak,11
speal,7
spean,7
spear,7
speat,7
speck,13
spect,9
speil,7
speir,7
speld,8
spelk,11
spelt,7
spend,8
spent,7
sperm,9
speug,8
spewy,13
spial,7
spica,9
spice,9
spick,13
spicy,12
spide,8
spied,8
spiel,7
spier,7
spike,11
spiky,14
spile,7
spilt,7
spina,7
spine,7
spink,11
spiny,10
spire,7
spirt,7
spiry,10
spite,7
spitz,16
splat,7
splay,10
split,7
splog,8
spode,8
spoil,7
spoke,11
spore,7
spork,11
sport,7
spout,7
sprad,8
sprag,8
sprat,7
spray,10
spred,8
sprew,10
sprig,8
sprit,7
sprod,8
sprog,8
sprue,7
sprug,8
spued,8
spuer,7
spule,7
spume,9
spumy,12
spunk,11
spurn,7
spurt,7
sputa,7
spyal,10
spyre,10
squab,16
squad,15
squat,14
squaw,17
squeg,15
squib,16
squid,15
squit,14
squiz,23
stack,11
stade,6
stage,6
stagy,9
staid,6
staig,6
stain,5
stair,5
stake,9
stale,5
stalk,9
stamp,9
stand,6
stane,5
stang,6
stank,9
staph,10
stare,5
stark,9
starn,5
staun,5
stave,8
stead,6
steak,9
steal,5
steam,7
stean,5
stear,5
steil,5
stein,5
stela,5
stend,6
steno,5
stern,5
stewy,11
stich,10
stick,11
stied,6
stilb,7
stile,5
stime,7
stimy,10
sting,6
stink,9
stipa,7
stipe,7
stire,5
stirk,9
stirp,7
stive,8
stivy,11
stoae,5
stoai,5
stock,11
stoep,7
stogy,9
stoic,7
stoke,9
stole,5
stoln,5
stoma,7
stomp,9
stond,6
stone,5
stong,6
stonk,9
stony,8
stope,7
store,5
stork,9
storm,7
story,8
stoun,5
stoup,7
stour,5
stove,8
stown,8
stowp,10
strad,6
strae,5
strag,6
strak,9
strap,7
straw,8
stray,8
strep,7
strew,8
stria,5
strig,6
strim,7
strip,7
strop,7
strow,8
stroy,8
strum,7
stuck,11
stude,6
study,9
stulm,7
stump,9
stung,6
stunk,9
stupa,7
stupe,7
sture,5
styed,9
style,8
styli,8
stylo,8
styme,10
styre,8
suave,8
subah,10
suber,7
subha,10
sucky,14
sucre,7
sudor,6
suent,5
suety,8
sugan,6
sugar,6
suing,6
suint,5
suite,5
sulci,7
sulfa,8
sulfo,8
sulky,12
sulph,10
sumac,9
sumph,12
super,7
supra,7
surah,8
sural,5
surat,5
sured,6
surfy,11
surge,6
surgy,9
surly,8
sutor,5
sutra,5
swack,14
swage,9
swail,8
swain,8
swale,8
swaly,11
swami,10
swamp,12
swamy,13
swang,9
swank,12
swapt,10
sward,9
sware,8
swarf,11
swarm,10
swart,8
swath,11
swayl,11
sweal,8
swear,8
sweat,8
sweir,8
swelt,8
swept,10
swerf,11
swift,11
swile,8
swine,8
swing,9
swink,12
swipe,10
swire,8
swirl,8
swith,11
swive,11
swole,8
swoln,8
swopt,10
sword,9
swore,8
sworn,8
swoun,8
swung,9
sybil,10
syboe,10
sybow,13
sycon,10
syker,12
sylph,13
sylva,11
symar,10
synch,13
syned,9
synod,9
synth,11
syped,11
syrah,11
syren,8
syrup,10
sythe,11
syver,11
taber,7
tabes,7
tabid,8
tabis,7
table,7
tabor,7
tabun,7
tabus,7
taces,7
tache,10
tacho,10
tachs,10
tacks,11
tacky,14
tacos,7
taels,5
tahrs,8
taigs,6
taiko,9
tails,5
tains,5
taish,8
tajes,12
taken,9
taker,9
takes,9
takhi,12
takin,9
takis,9
talcs,7
talcy,10
taler,5
tales,5
talks,9
talky,12
talon,5
taluk,9
talus,5
tamed,8
tamer,7
tames,7
tamin,7
tamis,7
tamps,9
tangi,6
tango,6
tangs,6
tangy,9
tanhs,8
tanks,9
tanky,12
tansy,8
taped,8
tapen,7
taper,7
tapes,7
tapir,7
tapis,7
tapus,7
tardo,6
tardy,9
tared,6
tares,5
targe,6
tarns,5
taroc,7
tarok,9
taros,5
tarps,7
tarsi,5
tased,6
taser,5
taube,7
tauld,6
tauon,5
taupe,7
taver,8
tawed,9
tawer,8
tawie,8
tawny,11
tawse,8
taxed,13
taxer,12
taxes,12
taxis,12
taxol,12
taxon,12
taxor,12
taxus,12
teach,10
teads,6
teaks,9
teals,5
teams,7
tears,5
teary,8
techs,10
techy,13
tegua,6
tegus,6
tehrs,8
teils,5
teind,6
teins,5
telco,7
telia,5
telic,7
teloi,5
telos,5
tempi,9
tempo,9
temps,9
tench,10
tends,6
tendu,6
tenia,5
tenor,5
tepal,7
tepas,7
tepid,8
tepoy,10
terai,5
teras,5
terfs,8
terga,6
terms,7
terns,5
tesla,5
teuch,10
teugh,9
texas,12
thack,14
thagi,9
thaim,10
thale,8
thali,8
thane,8
thang,9
thank,12
thans,8
thanx,15
tharm,10
thars,8
thaws,11
thawy,14
theca,10
thegn,9
theic,10
thein,8
their,8
thelf,11
thema,10
thens,8
theow,11
therm,10
thesp,10
thews,11
thewy,14
thick,14
thief,11
thigs,9
thilk,12
thine,8
thing,9
think,12
thins,8
thiol,8
third,9
thirl,8
thole,8
tholi,8
thong,9
thorn,8
thorp,10
those,8
thous,8
thowl,11
thrae,8
thraw,11
threw,11
thrid,9
thrip,10
throb,10
throe,8
throw,11
thrum,10
thuds,9
thugs,9
thuja,15
thumb,12
thump,12
thunk,12
thurl,8
thuya,11
thyme,13
thymi,13
tians,5
tiars,5
tical,7
ticed,8
tices,7
tichy,13
ticks,11
ticky,14
tidal,6
tides,6
tiers,5
tifos,8
tiger,6
tiges,6
tigon,6
tikas,9
tikes,9
tilak,9
tilde,6
tiled,6
tiler,5
tiles,5
timbo,9
timed,8
timer,7
times,7
timon,7
timps,9
tinas,5
tinds,6
tinea,5
tined,6
tines,5
tinge,6
tings,6
tinks,9
tipsy,10
tired,6
tires,5
tirls,5
tiros,5
tiyns,8
tizes,14
toads,6
toady,9
toaze,14
tocks,11
tocky,14
today,9
toeas,5
tofus,8
togae,6
togas,6
toged,7
toges,6
togue,6
toile,5
toils,5
toing,6
toise,5
tokay,12
toked,10
token,9
toker,9
tokes,9
tolan,5
tolar,5
tolas,5
toled,6
toles,5
tolus,5
toman,7
tombs,9
tomes,7
tomia,7
tonal,5
tondi,6
toned,6
toner,5
tones,5
toney,8
tonga,6
tongs,6
tonic,7
tonka,9
tonks,9
tonus,5
topaz,16
toped,8
topek,11
toper,7
topes,7
tophe,10
tophi,10
tophs,10
topic,9
topis,7
toque,14
torah,8
toran,5
toras,5
torch,10
torcs,7
tores,5
toric,7
torse,5
torsi,5
torsk,9
torus,5
tosed,6
toshy,11
touch,10
tough,9
touks,9
touns,5
tours,5
touse,5
tousy,8
touze,14
touzy,17
towed,9
towel,8
tower,8
towie,8
towns,8
towny,11
towse,8
towsy,11
towze,17
towzy,20
toxic,14
toxin,12
toyed,9
toyer,8
tozed,15
tozes,14
tozie,14
trabs,7
trace,7
track,11
trade,6
trads,6
tragi,6
traik,9
trail,5
train,5
tramp,9
trams,7
trank,9
tranq,14
trans,5
trape,7
traps,7
trash,8
trave,8
trawl,8
trayf,11
trays,8
tread,6
treck,11
trefa,8
treif,8
treks,9
trema,7
trems,7
trend,6
trews,8
treyf,11
treys,8
triac,7
triad,6
trial,5
tribe,7
trice,7
trick,11
tride,6
tried,6
tries,5
trigo,6
trigs,6
trike,9
trild,6
trims,7
trine,5
trins,5
triol,5
trios,5
tripe,7
trips,7
tripy,10
troad,6
troak,9
trock,11
trode,6
trods,6
trogs,6
trois,5
troke,9
tromp,9
trona,5
tronc,7
trone,5
tronk,9
trons,5
trope,7
trove,8
trows,8
troys,8
truce,7
truck,11
trued,6
trues,5
trugo,6
trugs,6
truly,8
trump,9
trunk,9
tryke,12
tryma,10
tryps,10
tsade,6
tsadi,6
tsked,10
tsuba,7
tsubo,7
tuans,5
tubae,7
tubal,7
tubar,7
tubas,7
tubed,8
tuber,7
tubes,7
tucks,11
tufas,8
tugra,6
tuile,5
tuina,5
tuism,7
tules,5
tulip,7
tulpa,7
tulsi,5
tumid,8
tumor,7
tumps,9
tumpy,12
tunas,5
tunds,6
tuned,6
tuner,5
tunes,5
tungs,6
tunic,7
tupek,11
tupik,11
tuple,7
turbo,7
turds,6
turfs,8
turfy,11
turks,9
turme,7
turms,7
turns,5
turps,7
tushy,11
tusky,12
tuxes,12
tuyer,8
twaes,8
twain,8
twals,8
twang,9
twank,12
tways,11
tweak,12
twerk,12
twerp,10
twice,10
twier,8
twigs,9
twine,8
twink,12
twins,8
twiny,11
twire,8
twirl,8
twirp,10
twoer,8
twyer,11
tyers,8
tying,9
tykes,12
tyler,8
tymps,12
tynde,9
tyned,9
tynes,8
typal,10
typed,11
types,10
typic,12
typos,10
tyran,8
tyred,9
tyres,8
tyros,8
tzars,14
udals,6
udons,6
ugali,6
uhlan,8
ukase,9
ulans,5
ulcer,7
ulema,7
ulmin,7
ulnad,6
ulnae,5
ulnar,5
ulnas,5
ulpan,7
ultra,5
ulvas,8
ulyie,8
ulzie,14
umbel,9
umber,9
umble,9
umbos,9
umbra,9
umbre,9
umiac,9
umiak,11
umiaq,16
umped,10
umphs,12
umpie,9
umpty,12
umrah,10
umras,7
unais,5
unapt,7
unarm,7
unary,8
unbag,8
unbar,7
unbed,8
unbid,8
unbox,14
uncap,9
unces,7
uncia,7
uncle,7
uncos,7
uncoy,10
undam,8
under,6
undos,6
uneth,8
unfed,9
unfit,8
unfix,15
unget,6
ungod,7
ungot,6
unhat,8
unhip,10
unica,7
unify,11
unite,5
units,5
unity,8
unjam,14
unked,10
unket,9
unkid,10
unlaw,8
unlay,8
unled,6
unlet,5
unlid,6
unlit,5
unmet,7
unmew,10
unmix,14
unpay,10
unpeg,8
unred,6
unrid,6
unrig,6
unrip,7
unsaw,8
unsay,8
unset,5
unsew,8
unsex,12
unsod,6
untax,12
untie,5
until,5
unwed,9
unwet,8
unwit,8
unzip,16
upbow,12
upbye,12
updos,8
updry,11
upend,8
upjet,14
uplay,10
upled,8
uplit,7
upran,7
upset,7
upsey,10
uptak,11
upter,7
uptie,7
uraei,5
urali,5
uraos,5
urase,5
urate,5
urban,7
urbex,14
urbia,7
ureal,5
ureas,5
uredo,6
ureic,7
urena,5
urent,5
urged,7
urges,6
urial,5
urine,5
urite,5
urman,7
urnal,5
urned,6
urped,8
ursae,5
ursid,6
urson,5
urvas,8
usage,6
usher,8
using,6
usnea,5
uteri,5
utile,5
uveal,8
uveas,8
vades,9
vague,9
vagus,9
vails,8
vaire,8
vairs,8
vairy,11
vakil,12
vales,8
valet,8
valid,9
valis,8
valor,8
valse,8
value,8
vamps,12
vampy,15
vaned,9
vanes,8
vangs,9
vants,8
vaped,11
vaper,10
vapes,10
vapid,11
vapor,10
vardy,12
varec,10
vares,8
varix,15
varus,8
vasty,11
vatic,10
vatus,8
vauch,13
vault,8
vaunt,8
vaute,8
vauts,8
vawte,11
vaxes,15
veals,8
vealy,11
vegan,9
vegas,9
vegos,9
veils,8
veily,11
veins,8
veiny,11
velar,8
velds,9
veldt,9
velum,10
venal,8
vends,9
vendu,9
venom,10
vents,8
venus,8
verbs,10
verso,8
verst,8
verts,8
vertu,8
vespa,10
vesta,8
vetch,13
vexil,15
vezir,17
vials,8
viand,9
vibes,10
vibex,17
vibey,13
vicar,10
viced,11
vices,10
vichy,16
video,9
viers,8
views,11
viewy,14
vifda,12
vigas,9
vigor,9
vilde,9
viler,8
vimen,10
vinal,8
vinas,8
vinca,10
vined,9
viner,8
vines,8
vinew,11
vinos,8
vints,8
vinyl,11
viola,8
viold,9
viols,8
viper,10
viral,8
vired,9
vireo,8
vires,8
virga,9
virge,9
virls,8
virtu,8
virus,8
vised,9
visne,8
vison,8
visor,8
vista,8
visto,8
vitae,8
vital,8
vitas,8
vitex,15
vitro,8
vixen,15
vizor,17
vleis,8
vlies,8
vlogs,9
voars,8
vocab,12
vocal,10
voces,10
vodka,13
vodun,9
voema,10
vogie,9
vogue,9
voice,10
voids,9
voila,8
voile,8
voips,10
volae,8
volar,8
voled,9
voles,8
volet,8
volks,12
volta,8
volte,8
volti,8
volts,8
vomer,10
vomit,10
voted,9
voter,8
votes,8
vouch,13
vouge,9
vowed,12
vowel,11
vower,11
voxel,15
vozhd,21
vraic,10
vrils,8
vrous,8
vrouw,11
vrows,11
vughs,12
vughy,15
vulgo,9
vulns,8
vying,12
wacke,14
wacko,14
wacks,14
wacky,17
wader,9
wades,9
wadge,10
wadis,9
wadts,9
wafer,11
wafts,11
waged,10
wager,9
wages,9
wagon,9
wagyu,12
waide,9
waifs,11
waift,11
wails,8
wains,8
wairs,8
waist,8
waite,8
waits,8
waive,11
waked,13
waken,12
waker,12
wakes,12
wakfs,15
waldo,9
walds,9
waled,9
waler,8
wales,8
walie,8
walis,8
walks,12
walty,11
waltz,17
wamed,11
wames,10
wamus,10
wands,9
waned,9
wanes,8
waney,11
wangs,9
wanks,12
wanky,15
wanle,8
wanly,11
wants,8
wanty,11
wanze,17
waqfs,20
warbs,10
warby,13
wards,9
wared,9
wares,8
warez,17
warks,12
warms,10
warns,8
warps,10
warst,8
warts,8
warty,11
washy,14
waspy,13
waste,8
watch,13
water,8
waugh,12
wauks,12
waulk,12
wauls,8
waurs,8
waved,12
waver,11
waves,11
wavey,14
waxed,16
waxen,15
waxer,15
waxes,15
wayed,12
wazir,17
weald,9
weals,8
weamb,12
weans,8
wears,8
weary,11
wecht,13
wedgy,13
wefts,11
weids,9
weigh,12
weils,8
weird,9
weirs,8
wekas,12
welch,13
welds,9
welks,12
welkt,12
welsh,11
welts,8
wembs,12
wench,13
wends,9
wents,8
weros,8
wersh,11
wetas,8
wetly,11
whack,17
whale,11
whamo,13
whams,13
whang,12
whaps,13
whare,11
wharf,14
whats,11
whaup,13
whaur,11
wheal,11
whear,11
wheat,11
wheft,14
whelk,15
whelm,13
whelp,13
whens,11
whets,11
wheys,14
whids,12
whift,14
whigs,12
while,11
whilk,15
whims,13
whine,11
whins,11
whiny,14
whios,11
whips,13
whipt,13
whirl,11
whirs,11
whisk,15
whist,11
white,11
whits,11
whity,14
whole,11
whomp,15
whops,13
whore,11
whorl,11
whort,11
whose,11
whump,15
whups,13
whyda,15
wicks,14
wicky,17
widen,9
wider,9
wides,9
width,12
wield,9
wiels,8
wifed,12
wifes,11
wifey,14
wifty,14
wigan,9
wight,12
wilco,10
wilds,9
wiled,9
wiles,8
wilga,9
wilja,15
wilts,8
wimps,12
wimpy,15
wince,10
winch,13
winds,9
windy,12
wined,9
wines,8
winey,11
winge,9
wings,9
wingy,12
winks,12
winos,8
winze,17
wiped,11
wiper,10
wipes,10
wired,9
wires,8
wised,9
wiser,8
wisha,11
wisht,11
wispy,13
witan,8
witch,13
wited,9
wites,8
withe,11
withs,11
withy,14
wived,12
wiver,11
wives,11
wizen,17
wizes,17
woads,9
woald,9
wocks,14
wodge,10
woful,11
wojus,15
woken,12
woker,12
wolds,9
wolfs,11
wolve,11
woman,10
wombs,12
womby,15
women,10
womyn,13
wonga,9
wongi,9
wonks,12
wonky,15
wonts,8
words,9
wordy,12
works,12
world,9
worms,10
wormy,13
worse,8
worst,8
worth,11
worts,8
would,9
wound,9
woven,11
woxen,15
wrack,14
wrang,9
wraps,10
wrapt,10
wrast,8
wrate,8
wrath,11
wreak,12
wreck,14
wrens,8
wrest,8
wrick,14
wried,9
wries,8
wring,9
wrist,8
write,8
writs,8
wroke,12
wrong,9
wrote,8
wroth,11
wrung,9
wurst,8
wuxia,15
wyled,12
wyles,11
wynds,12
wyted,12
wytes,11
xenia,12
xenic,14
xeric,14
xerus,12
xrays,15
xylan,15
xylem,17
xylic,17
xysti,15
yacht,13
yacks,14
yager,9
yages,9
yagis,9
yaird,9
yakow,15
yales,8
yamen,10
yamun,10
yangs,9
yanks,12
yapok,14
yapon,10
yarco,10
yards,9
yarks,12
yarns,8
yarto,8
yates,8
yauds,9
yauld,9
yaups,10
yawed,12
yawls,11
yawns,11
yawps,13
ybore,10
yclad,11
ycled,11
ycond,11
yeads,9
yeahs,11
yealm,10
yeans,8
yeard,9
yearn,8
years,8
yeast,8
yechs,13
yelks,12
yelms,10
yelps,10
yelts,8
yenta,8
yerba,10
yerds,9
yerks,12
yetis,8
yeuks,12
yield,9
yiked,13
yikes,12
yince,10
yipes,10
yirds,9
yirks,12
yirth,11
yites,8
ylems,10
ylike,12
ylkes,12
ymolt,10
ympes,12
yocks,14
yodel,9
yodhs,12
yodle,9
yogas,9
yoghs,12
yogic,11
yogin,9
yogis,9
yoick,14
yojan,15
yoked,13
yokel,12
yoker,12
yokes,12
yokul,12
yolks,12
yomps,12
yonic,10
yonis,8
yonks,12
yores,8
yorks,12
yorps,10
youks,12
young,9
yourn,8
yours,8
yourt,8
youse,8
youth,11
yowed,12
yowes,11
yowie,11
yowls,11
yowza,20
yrapt,10
yrent,8
yrivd,12
yrneh,11
ysame,10
yuans,8
yucas,10
yucko,14
yucks,14
yufts,11
yugas,9
yuked,13
yukes,12
yukos,12
yulan,8
yules,8
yumps,12
yupon,10
yurta,8
yurts,8
zacks,20
zaidy,18
zaire,14
zambo,18
zante,14
zarfs,17
zaris,14
zatis,14
zaxes,21
zayin,17
zeals,14
zebra,16
zebus,16
zedas,15
zeins,14
zendo,15
zerda,15
zerks,18
zeros,14
zesty,17
zetas,14
zibet,16
zigan,15
zilas,14
zilch,19
zimbs,18
zinco,16
zincs,16
zincy,19
zineb,16
zines,14
zings,15
zingy,18
zinke,18
zinky,21
ziram,16
zlote,14
zloty,17
zobus,16
zoeal,14
zoeas,14
zoism,16
zoist,14
zombi,18
zonae,14
zonal,14
zonda,15
zoned,15
zoner,14
zones,14
zonks,18
zoril,14
zoris,14
zouks,18
zowie,17
zupan,16
zupas,16
zurfs,17
zygal,18
zygon,18
zymes,19
zymic,21
